Rank,CMC_ID,Name,Symbol,Slug,Price_USD,MarketCap,Volume24h,CirculatingSupply,TotalSupply,MaxSupply,DateAdded,ConfidenceScore,Confidence,Reason,BinanceSymbol,BaseAsset,QuoteAsset,AvailableMarkets,FirstHourlyCandle,LastPrice,24hVolume,Trades24h,PriceChange24h,Status
1,1,Bitcoin,BTC,bitcoin,64098.19102997804,1285854132107.7432,26262068414.44282,20060693,20060693,21000000,2010-07-13T00:00:00.000Z,100,HIGH,"SYMBOL,USDT,TRADING,HIGH_VOLUME",BTCUSDT,BTC,USDT,BTCARS;BTCBRL;BTCEUR;BTCFDUSD;BTCIDR;BTCJPY;BTCMXN;BTCTRY;BTCU;BTCUSD;BTCUSD1;BTCUSDC;BTCUSDS;BTCUSDT,2017-08-17T04:00:00+00:00,64099.85,1088107867.1749291,2415092,-1.518,READY
2,1027,Ethereum,ETH,ethereum,1863.5531541626256,224898649376.51303,9718929342,120682712.41641596,120682712.41641596,,2015-08-07T00:00:00.000Z,100,HIGH,"SYMBOL,USDT,TRADING,HIGH_VOLUME",ETHUSDT,ETH,USDT,ETHARS;ETHBRL;ETHBTC;ETHEUR;ETHFDUSD;ETHIDR;ETHJPY;ETHMXN;ETHTRY;ETHU;ETHUSD;ETHUSD1;ETHUSDC;ETHUSDS;ETHUSDT,2017-08-17T04:00:00+00:00,1861.78,355222916.7,2050309,-0.75,READY
3,825,Tether USDt,USDT,tether,0.9989003854866172,1.83954E+11,53459194915.58018,184156916986.16385,1.89107E+11,,2015-02-25T00:00:00.000Z,0,,Stablecoin,,,,,,,,,,STABLECOIN_SKIP
4,1839,BNB,BNB,bnb,561.0430312593998,74711710564.15143,969887528.7118716,133165740.2,133165740.2,133165740.2,2017-07-25T00:00:00.000Z,100,HIGH,"SYMBOL,USDT,TRADING,HIGH_VOLUME",BNBUSDT,BNB,USDT,BNBBRL;BNBBTC;BNBETH;BNBEUR;BNBFDUSD;BNBIDR;BNBJPY;BNBTRY;BNBU;BNBUSD;BNBUSD1;BNBUSDC;BNBUSDT,2017-11-06T03:00:00+00:00,565.02,52438291.96,481622,-0.589,READY
5,3408,USDC,USDC,usd-coin,0.9997375186727816,72838998331.61235,10440968211.887035,72858122228.23346,72858122228.23346,,2018-10-08T00:00:00.000Z,0,,Stablecoin,,,,,,,,,,STABLECOIN_SKIP
6,52,XRP,XRP,xrp,1.0920151062107772,68214365675.84745,1068767911.5698732,62466503703,99985639695,1E+11,2013-08-04T00:00:00.000Z,100,HIGH,"SYMBOL,USDT,TRADING,HIGH_VOLUME",XRPUSDT,XRP,USDT,XRPBRL;XRPBTC;XRPETH;XRPEUR;XRPFDUSD;XRPIDR;XRPJPY;XRPRLUSD;XRPTRY;XRPU;XRPUSD1;XRPUSDC;XRPUSDT,2018-05-04T08:00:00+00:00,1.095,56165309.12,248275,-1.253,READY
7,5426,Solana,SOL,solana,74.05775763390751,43165658590.59717,1634107155.101445,582864779.7301612,630867434.7592477,,2020-04-10T00:00:00.000Z,100,HIGH,"SYMBOL,USDT,TRADING,HIGH_VOLUME",SOLUSDT,SOL,USDT,SOLBNB;SOLBRL;SOLBTC;SOLETH;SOLEUR;SOLFDUSD;SOLIDR;SOLJPY;SOLMXN;SOLTRY;SOLU;SOLUSD;SOLUSD1;SOLUSDC;SOLUSDT,2020-08-11T06:00:00+00:00,74.17,108719708.1,393218,-2.369,READY
8,1958,TRON,TRX,tron,0.3304741973033983,31355002113.051605,447538602.0076323,94878820703.40738,94878822585,,2017-09-13T00:00:00.000Z,100,HIGH,"SYMBOL,USDT,TRADING,HIGH_VOLUME",TRXUSDT,TRX,USDT,TRXBNB;TRXBTC;TRXETH;TRXEUR;TRXJPY;TRXTRY;TRXU;TRXUSD1;TRXUSDC;TRXUSDT;TRXXRP,2018-06-11T11:00:00+00:00,0.3311,26178932.51,54077,0.7,READY
9,32196,Hyperliquid,HYPE,hyperliquid,58.886327559241806,14881752977.61315,327581299.6397521,252720004.7012876,953078769.5841608,953078769.5841608,2024-07-15T10:14:50.000Z,0,,No Binance Spot Market,,,,,,,,,,NOT_LISTED
10,74,Dogecoin,DOGE,dogecoin,0.068947846,10700974985.596909,742570365.5943006,155203906383.70526,155203906383.70526,,2013-12-15T00:00:00.000Z,100,HIGH,"SYMBOL,USDT,TRADING,HIGH_VOLUME",DOGEUSDT,DOGE,USDT,DOGEBRL;DOGEBTC;DOGEEUR;DOGEFDUSD;DOGEIDR;DOGEJPY;DOGETRY;DOGEU;DOGEUSD1;DOGEUSDC;DOGEUSDT,2019-07-05T12:00:00+00:00,0.06961,39410333.15,282808,0.389,READY
11,3957,UNUS SED LEO,LEO,unus-sed-leo,9.611834740590382,8844131568,598523.9446,920129382.9,985239504,,2019-05-21T00:00:00.000Z,0,,No Binance Spot Market,,,,,,,,,,NOT_LISTED
12,1437,Zcash,ZEC,zcash,497.24925272391073,8347336775.679297,383501462.18621147,16787027.29,16787027.29,21000000,2016-10-29T00:00:00.000Z,100,HIGH,"SYMBOL,USDT,TRADING,HIGH_VOLUME",ZECUSDT,ZEC,USDT,ZECBTC;ZECETH;ZECU;ZECUSD1;ZECUSDC;ZECUSDT,2019-03-21T04:00:00+00:00,489.37,54692836.65,210724,-3.898,READY
13,328,Monero,XMR,monero,355.7054534002795,6680910030.016881,103370894.7103792,18782141.13995822,18782141.13995822,,2014-05-21T00:00:00.000Z,0,,No Binance Spot Market,,,,,,,,,,NOT_LISTED
14,1975,Chainlink,LINK,chainlink,8.363890952845443,6257026574,189933682.4465908,748099970.4,1000000000,1000000000,2017-09-20T00:00:00.000Z,100,HIGH,"SYMBOL,USDT,TRADING,HIGH_VOLUME",LINKUSDT,LINK,USDT,LINKBRL;LINKBTC;LINKETH;LINKEUR;LINKFDUSD;LINKJPY;LINKTRY;LINKU;LINKUSD1;LINKUSDC;LINKUSDT,2019-01-16T10:00:00+00:00,8.348,7355866.483,59644,-1.242,READY
15,512,Stellar,XLM,stellar,0.1781260080161594,6087438312.390289,133748283.77912036,34174898883.031406,50001786839.91248,50001806812,2014-08-05T00:00:00.000Z,100,HIGH,"SYMBOL,USDT,TRADING,HIGH_VOLUME",XLMUSDT,XLM,USDT,XLMETH;XLMEUR;XLMJPY;XLMTRY;XLMU;XLMUSD1;XLMUSDC;XLMUSDT,2018-05-31T09:00:00+00:00,0.1786,11125754.88,67657,-2.298,READY
16,2010,Cardano,ADA,cardano,0.1646486977198525,6008014418.109585,213434220.5754956,36489899411.97189,44993202652.386566,45000000000,2017-10-01T00:00:00.000Z,100,HIGH,"SYMBOL,USDT,TRADING,HIGH_VOLUME",ADAUSDT,ADA,USDT,ADABRL;ADABTC;ADAETH;ADAEUR;ADAFDUSD;ADAIDR;ADAJPY;ADATRY;ADAU;ADAUSD1;ADAUSDC;ADAUSDT,2018-04-17T04:00:00+00:00,0.1646,9308238.32,44540,-1.614,READY
17,37263,Canton,CC,canton-network,0.1189430890413582,4656156978.499743,12347042.67370367,39146090924.88535,39146090924.88535,,2025-07-08T04:07:45.000Z,0,,No Binance Spot Market,,,,,,,,,,NOT_LISTED
18,4943,Dai,DAI,multi-collateral-dai,0.9997325655329956,4639396896.833623,35957274.43936529,4640637963.373919,4640637963.373919,,2019-11-22T00:00:00.000Z,0,,Stablecoin,,,,,,,,,,STABLECOIN_SKIP
19,1831,Bitcoin Cash,BCH,bitcoin-cash,209.7691166324517,4209164163.611786,97648281.3,20065700,20065700,21000000,2017-07-23T00:00:00.000Z,100,HIGH,"SYMBOL,USDT,TRADING,HIGH_VOLUME",BCHUSDT,BCH,USDT,BCHBTC;BCHEUR;BCHFDUSD;BCHJPY;BCHTRY;BCHU;BCHUSD1;BCHUSDC;BCHUSDT,2019-11-28T10:00:00+00:00,211.3,3094729.066,23840,0.38,READY
20,36148,World Liberty Financial USD,USD1,usd1,0.9986785369941852,4140132708.910278,1025191854.9401948,4145610980.457452,4145610980.457452,,2025-04-13T05:37:56.000Z,100,HIGH,"SYMBOL,USDT,TRADING,HIGH_VOLUME",USD1USDT,USD1,USDT,USD1TRY;USD1U;USD1USDC;USD1USDT,2025-05-22T12:00:00+00:00,0.9997,133988662,187381,0.006,READY
21,29470,Ethena USDe,USDe,ethena-usde,0.999934212,3988210444.452169,29326665.05239705,3988472837.759209,3988472837.759209,,2024-02-20T11:05:01.000Z,0,,Stablecoin,,,,,,,,,,STABLECOIN_SKIP
22,11419,Gram (prev. Toncoin),GRAM,gram,1.454654308954721,3976266017.615601,50053458.44331982,2733478320.682835,5219829702.957956,,2021-08-26T13:40:22.000Z,100,HIGH,"SYMBOL,USDT,TRADING,HIGH_VOLUME",GRAMUSDT,GRAM,USDT,GRAMFDUSD;GRAMIDR;GRAMTRY;GRAMU;GRAMUSD1;GRAMUSDC;GRAMUSDT,2026-07-02T08:00:00+00:00,1.466,5657255.06,28348,0.825,READY
23,2,Litecoin,LTC,litecoin,46.35348404955761,3588814970.129433,257144822.2043461,77422766.45899035,84000000,84000000,2013-04-28T00:00:00.000Z,100,HIGH,"SYMBOL,USDT,TRADING,HIGH_VOLUME",LTCUSDT,LTC,USDT,LTCBNB;LTCBRL;LTCBTC;LTCETH;LTCEUR;LTCFDUSD;LTCJPY;LTCTRY;LTCU;LTCUSD1;LTCUSDC;LTCUSDT,2017-12-13T03:00:00+00:00,46.37,12267434.21,114936,-1.758,READY
24,33793,Global Dollar,USDG,global-dollar-usdg,0.9999574515925542,3265385640,236826345.21644983,3265524582.796733,3265524582.796733,,2024-11-05T04:54:47.000Z,0,,Stablecoin,,,,,,,,,,STABLECOIN_SKIP
25,4642,Hedera,HBAR,hedera,0.070764138,3098839181.1201706,42767070.09469657,43791096250.844505,50000000000,50000000000,2019-09-17T00:00:00.000Z,100,HIGH,"SYMBOL,USDT,TRADING,HIGH_VOLUME",HBARUSDT,HBAR,USDT,HBARBNB;HBARBTC;HBARIDR;HBARTRY;HBARUSDC;HBARUSDT,2019-09-29T04:00:00+00:00,0.07027,5364865.348,52560,-0.847,READY
26,20947,Sui,SUI,sui,0.717648015,2908149511.343546,209661222.0444945,4052334085.342099,10000000000,10000000000,2022-07-12T08:03:11.000Z,100,HIGH,"SYMBOL,USDT,TRADING,HIGH_VOLUME",SUIUSDT,SUI,USDT,SUIBNB;SUIBRL;SUIBTC;SUIEUR;SUIFDUSD;SUIIDR;SUIJPY;SUITRY;SUIU;SUIUSD1;SUIUSDC;SUIUSDT,2023-05-03T12:00:00+00:00,0.7113,19619380.06,131080,-4.395,READY
27,27772,PayPal USD,PYUSD,paypal-usd,0.9995644154130634,2690126172.280377,75042583.04482886,2691298460.408577,2691298460.408577,,2023-08-21T14:30:00.000Z,0,,Stablecoin,,,,,,,,,,STABLECOIN_SKIP
28,5805,Avalanche,AVAX,avalanche,6.200982010322602,2677410164,273291543.9510148,431771961.1772119,463441061.1772119,715748719,2020-07-13T00:00:00.000Z,100,HIGH,"SYMBOL,USDT,TRADING,HIGH_VOLUME",AVAXUSDT,AVAX,USDT,AVAXBRL;AVAXBTC;AVAXEUR;AVAXFDUSD;AVAXIDR;AVAXTRY;AVAXU;AVAXUSD1;AVAXUSDC;AVAXUSDT,2020-09-22T06:00:00+00:00,6.265,9908040.123,116764,-0.271,READY
29,3635,Cronos,CRO,cronos,0.05653053,2672479273.5467844,6311951.713,47274972680.388855,98808311135.61748,1E+11,2018-12-14T00:00:00.000Z,0,,No Binance Spot Market,,,,,,,,,,NOT_LISTED
30,5176,Tether Gold,XAUT,tether-gold,4070.436019115305,2494459497.125108,141310333.21054894,612823.6595,707747.089,,2020-02-07T00:00:00.000Z,100,HIGH,"SYMBOL,USDT,TRADING,HIGH_VOLUME",XAUTUSDT,XAUT,USDT,XAUTBTC;XAUTTRY;XAUTU;XAUTUSD1;XAUTUSDC;XAUTUSDT,2026-03-26T14:00:00+00:00,4054.3,22518814.54,55060,0.283,READY
31,5994,Shiba Inu,SHIB,shiba-inu,4.143875576285343e-06,2441749127.493616,55530879.00533611,589242867586881.2,589499570592486.5,589552695333683.0,2020-08-01T00:00:00.000Z,100,HIGH,"SYMBOL,USDT,TRADING,HIGH_VOLUME",SHIBUSDT,SHIB,USDT,SHIBBRL;SHIBEUR;SHIBFDUSD;SHIBJPY;SHIBTRY;SHIBUSDC;SHIBUSDT,2021-05-10T11:00:00+00:00,4.19e-06,2381147.19,16039,1.453,READY
32,7083,Uniswap,UNI,uniswap,3.8267400665682754,2392460904.838876,153932256.75531414,625195561.5538775,892330420.0329479,,2020-09-17T00:00:00.000Z,100,HIGH,"SYMBOL,USDT,TRADING,HIGH_VOLUME",UNIUSDT,UNI,USDT,UNIBTC;UNITRY;UNIU;UNIUSD1;UNIUSDC;UNIUSDT,2020-09-17T03:00:00+00:00,3.806,11701744.01,71117,1.089,READY
33,6535,NEAR Protocol,NEAR,near-protocol,1.810659100990152,2356963006.1109915,134457398.2002034,1301715494,1301715494,,2020-08-11T00:00:00.000Z,100,HIGH,"SYMBOL,USDT,TRADING,HIGH_VOLUME",NEARUSDT,NEAR,USDT,NEARBRL;NEARBTC;NEAREUR;NEARJPY;NEARTRY;NEARU;NEARUSD1;NEARUSDC;NEARUSDT,2020-10-14T05:00:00+00:00,1.808,16773259.51,84983,-4.641,READY
34,22974,Bittensor,TAO,bittensor,189.3459432850863,2112743789.900152,106052434.98371232,11158114.89406523,21000000,21000000,2023-03-06T05:20:00.000Z,100,HIGH,"SYMBOL,USDT,TRADING,HIGH_VOLUME",TAOUSDT,TAO,USDT,TAOBTC;TAOFDUSD;TAOIDR;TAOJPY;TAOTRY;TAOU;TAOUSD1;TAOUSDC;TAOUSDT,2024-04-11T12:00:00+00:00,192,9387603.775,51329,-0.312,READY
35,21159,Ondo,ONDO,ondo-finance,0.3920868074215896,1909200307.6623333,117342379.43757856,4869330647,10000000000,10000000000,2024-01-18T12:06:25.000Z,100,HIGH,"SYMBOL,USDT,TRADING,HIGH_VOLUME",ONDOUSDT,ONDO,USDT,ONDOIDR;ONDOTRY;ONDOUSDC;ONDOUSDT,2025-04-11T14:00:00+00:00,0.3826,10967908.38,66183,-4.014,READY
36,33251,World Liberty Financial,WLFI,world-liberty-financial-wlfi,0.057945092,1841181240.628729,88426907.54191947,31774584760,1E+11,1E+11,2024-10-01T02:34:47.000Z,100,HIGH,"SYMBOL,USDT,TRADING,HIGH_VOLUME",WLFIUSDT,WLFI,USDT,WLFIEUR;WLFITRY;WLFIU;WLFIUSD1;WLFIUSDC;WLFIUSDT,2025-09-01T13:00:00+00:00,0.0571,9087017.619,47620,-1.211,READY
37,4705,PAX Gold,PAXG,pax-gold,4066.9880654289286,1809261283.6666543,120001641.21636538,444865.1569,444865.1569,,2019-09-26T00:00:00.000Z,100,HIGH,"SYMBOL,USDT,TRADING,HIGH_VOLUME",PAXGUSDT,PAXG,USDT,PAXGBTC;PAXGTRY;PAXGU;PAXGUSD1;PAXGUSDC;PAXGUSDT,2020-08-28T12:00:00+00:00,4054.51,9645490.4,34450,0.343,READY
38,3897,OKB,OKB,okb,81.88612335514553,1719608590.4580562,17139178.11268918,21000000,21000000,21000000,2019-04-30T00:00:00.000Z,0,,No Binance Spot Market,,,,,,,,,,NOT_LISTED
39,36341,Aster,ASTER,aster,0.6355120269774854,1715900963.0530446,47125809.62652437,2700029094.9864817,7816197874.516728,8000000000,2025-04-25T06:46:11.000Z,100,HIGH,"SYMBOL,USDT,TRADING,HIGH_VOLUME",ASTERUSDT,ASTER,USDT,ASTERIDR;ASTERTRY;ASTERU;ASTERUSD1;ASTERUSDC;ASTERUSDT,2025-10-06T12:00:00+00:00,0.629,3909085.539,16655,1.125,READY
40,34387,Ripple USD,RLUSD,ripple-usd,1.0004258853554555,1600635873.3511596,160090927.44295973,1599954476.170363,1599954476.170363,,2024-12-18T07:22:18.000Z,100,HIGH,"SYMBOL,USDT,TRADING,HIGH_VOLUME",RLUSDUSDT,RLUSD,USDT,RLUSDU;RLUSDUSDT,2026-01-22T08:00:00+00:00,1.0011,62623809.74,4173,0.02,READY
41,35491,MemeCore,M,memecore,1.1867947959718876,1575518647.6578794,14600158.52901356,1327540913.5643022,5394857686.071528,10000000000,2025-07-03T09:16:58.000Z,0,,No Binance Spot Market,,,,,,,,,,NOT_LISTED
42,19891,USDD,USDD,usdd,0.9990107573545378,1537052129.8346465,18850650.02007803,1538574153,1538574153,,2022-05-02T08:07:12.000Z,0,,No Binance Spot Market,,,,,,,,,,NOT_LISTED
43,7278,Aave,AAVE,aave,94.83676612726369,1462150104.304036,169556704.4953192,15417544.94603857,16000000,,2020-10-02T00:00:00.000Z,100,HIGH,"SYMBOL,USDT,TRADING,HIGH_VOLUME",AAVEUSDT,AAVE,USDT,AAVEBTC;AAVEETH;AAVETRY;AAVEU;AAVEUSDC;AAVEUSDT,2020-10-15T03:00:00+00:00,92.05,9598584.423,80240,-3.623,READY
44,33038,Sky,SKY,sky,0.057998397,1354651478.3444877,26566694.64747394,23356705591.335705,23462665147.365967,23462665147,2024-09-18T13:25:16.000Z,100,HIGH,"SYMBOL,USDT,TRADING,HIGH_VOLUME",SKYUSDT,SKY,USDT,SKYTRY;SKYUSDC;SKYUSDT,2025-09-17T08:00:00+00:00,0.05764,1801244.173,26592,-4.979,READY
45,6636,Polkadot,DOT,polkadot-new,0.7980087342022876,1352450518.1113524,64706683.44857127,1694781598.4286196,1694781598.4286196,2100000000,2020-08-19T00:00:00.000Z,100,HIGH,"SYMBOL,USDT,TRADING,HIGH_VOLUME",DOTUSDT,DOT,USDT,DOTBTC;DOTEUR;DOTFDUSD;DOTTRY;DOTUSDC;DOTUSDT,2020-08-18T23:00:00+00:00,0.81,4584300.113,17923,-0.857,READY
46,27075,Mantle,MNT,mantle,0.4095859012493774,1352573220.862108,68994126.29738797,3302294383,6219316794.889999,6219316795,2023-07-17T11:00:31.000Z,0,,No Binance Spot Market,,,,,,,,,,NOT_LISTED
47,13502,Worldcoin,WLD,worldcoin-org,0.3761180589572962,1338406099.8376255,148252249.03299123,3558473378.141053,10000000000,,2021-10-28T15:31:43.000Z,100,HIGH,"SYMBOL,USDT,TRADING,HIGH_VOLUME",WLDUSDT,WLD,USDT,WLDBTC;WLDEUR;WLDFDUSD;WLDIDR;WLDTRY;WLDU;WLDUSDC;WLDUSDT,2023-07-24T09:00:00+00:00,0.3482,20288605.92,169012,-8.8,READY
48,8916,Internet Computer,ICP,internet-computer,2.1496043976031776,1193314248.3565862,31852513.51693517,555132027.8685414,555132027.8685414,,2021-03-23T00:00:00.000Z,100,HIGH,"SYMBOL,USDT,TRADING,HIGH_VOLUME",ICPUSDT,ICP,USDT,ICPBTC;ICPEUR;ICPTRY;ICPUSDC;ICPUSDT,2021-05-11T01:00:00+00:00,2.14,2915748.654,14521,-0.788,READY
49,11092,Bitget Token,BGB,bitget-token-new,1.6536229280673096,1155195303.4319477,6043541.446,698584474.0203834,910920874.6481038,919992036,2021-07-29T00:00:00.000Z,0,,No Binance Spot Market,,,,,,,,,,NOT_LISTED
50,24478,Pepe,PEPE,pepe,2.711051064046526e-06,1121758303,129694004.75007571,413772473088271.1,413772473088271.1,413772473088271.1,2023-04-17T06:18:08.000Z,100,HIGH,"SYMBOL,USDT,TRADING,HIGH_VOLUME",PEPEUSDT,PEPE,USDT,PEPEBRL;PEPEEUR;PEPEFDUSD;PEPEJPY;PEPETRY;PEPEU;PEPEUSD1;PEPEUSDC;PEPEUSDT,2023-05-05T18:00:00+00:00,2.72e-06,9541281.334,35019,-2.509,READY
51,39120,United Stables,U,united-stables,0.9998080153073314,1068004028.0027332,101976303.40566714,1068209108,1068209108,,2025-12-12T08:13:26.000Z,100,HIGH,"SYMBOL,USDT,TRADING,HIGH_VOLUME",UUSDT,U,USDT,UIDR;UTRY;UUSDC;UUSDT,2026-01-13T08:00:00+00:00,1.0006,23034206.59,22595,0,READY
52,1321,Ethereum Classic,ETC,ethereum-classic,6.651867895929325,1048475979.9813844,38502503.16910308,157621287.19107747,210700000,210700000,2016-07-24T00:00:00.000Z,100,HIGH,"SYMBOL,USDT,TRADING,HIGH_VOLUME",ETCUSDT,ETC,USDT,ETCBTC;ETCFDUSD;ETCTRY;ETCUSDC;ETCUSDT,2018-06-12T02:00:00+00:00,6.58,3364732.361,26319,-3.801,READY
53,34104,Morpho,MORPHO,morpho,1.9467509527798248,1005205198.7696328,15390177.45331147,516350176.8596902,999999999.8010328,1000000000,2024-11-21T10:30:00.000Z,100,HIGH,"SYMBOL,USDT,TRADING,HIGH_VOLUME",MORPHOUSDT,MORPHO,USDT,MORPHOTRY;MORPHOUSDC;MORPHOUSDT,2025-10-03T15:00:00+00:00,1.92,1346901.616,24680,-1.891,READY
54,38837,Audiera,BEAT,audiera,3.253537228,1006210611.204507,50608475.19164173,309266666,1000000000,1000000000,2025-10-30T05:07:08.000Z,0,,No Binance Spot Market,,,,,,,,,,NOT_LISTED
55,38892,Stable,STABLE,stable,0.037950972,940208650.1927812,13307144.20370687,24774296639,1E+11,,2025-11-06T14:24:37.000Z,0,,No Binance Spot Market,,,,,,,,,,NOT_LISTED
56,35697,Pi,PI,pi,0.083139076,909688801.9483387,13849950.46757804,10941771822.223265,1E+11,1E+11,2025-02-11T07:16:10.000Z,0,,No Binance Spot Market,,,,,,,,,,NOT_LISTED
57,2087,KuCoin Token,KCS,kucoin-token,6.493318333129747,890591214.2606357,3365605.782,137155021.29577178,142155021.29577178,200000000,2017-10-24T00:00:00.000Z,0,,No Binance Spot Market,,,,,,,,,,NOT_LISTED
58,5488,JUST,JST,just,0.1023838215972422,838394806.1384718,23325786.62025085,8188743036.341737,8188743036.341737,,2020-05-07T00:00:00.000Z,100,HIGH,"SYMBOL,USDT,TRADING,HIGH_VOLUME",JSTUSDT,JST,USDT,JSTUSDT,2020-08-11T06:00:00+00:00,0.1019,2215160.644,31105,0.901,READY
59,30171,Ethena,ENA,ethena,0.086569844,827688867.2779775,103897509.12753232,9560937500,15000000000,15000000000,2024-03-29T04:42:08.000Z,100,HIGH,"SYMBOL,USDT,TRADING,HIGH_VOLUME",ENAUSDT,ENA,USDT,ENAFDUSD;ENATRY;ENAU;ENAUSDC;ENAUSDT,2024-04-02T08:00:00+00:00,0.0877,8569249.607,39841,-1.35,READY
60,28321,Polygon (prev. MATIC),POL,polygon-ecosystem-token,0.077070471,823414756.7828926,44102680.66629369,10683920132.30041,10683920142.30041,,2023-10-30T14:43:57.000Z,100,HIGH,"SYMBOL,USDT,TRADING,HIGH_VOLUME",POLUSDT,POL,USDT,POLBNB;POLBRL;POLBTC;POLEUR;POLFDUSD;POLIDR;POLJPY;POLTRY;POLUSDC;POLUSDT,2024-09-13T10:00:00+00:00,0.07719,1908388.932,30610,0.731,READY
61,20396,Kaspa,KAS,kaspa,0.027869533,769084095.4,5412512.271,27595872847.72241,27595872847.72241,28704026601,2022-06-01T00:03:58.000Z,0,,No Binance Spot Market,,,,,,,,,,NOT_LISTED
62,3155,Quant,QNT,quant,62.95175131752504,760000000.2976347,4869184.051,12072738,14881364,14881364,2018-08-10T00:00:00.000Z,95,HIGH,"SYMBOL,USDT,TRADING,GOOD_VOLUME",QNTUSDT,QNT,USDT,QNTBTC;QNTUSDC;QNTUSDT,2021-07-29T06:00:00+00:00,63.72,462103.5648,9576,-0.11,READY
63,5690,Render,RENDER,render,1.4589156937599672,756844760.0461538,16868401.52131493,518772101.2826915,533532274.5626915,644168762,2020-06-11T00:00:00.000Z,100,HIGH,"SYMBOL,USDT,TRADING,HIGH_VOLUME",RENDERUSDT,RENDER,USDT,RENDERBRL;RENDERBTC;RENDEREUR;RENDERIDR;RENDERTRY;RENDERUSDC;RENDERUSDT,2024-07-26T08:00:00+00:00,1.462,1605278.665,7940,-0.881,READY
64,4030,Algorand,ALGO,algorand,0.083533571,749214133.0820127,18282274.65066098,8969018347,10000000000,10000000000,2019-06-20T00:00:00.000Z,100,HIGH,"SYMBOL,USDT,TRADING,HIGH_VOLUME",ALGOUSDT,ALGO,USDT,ALGOTRY;ALGOUSDC;ALGOUSDT,2019-06-22T00:00:00+00:00,0.0871,2642401.868,19463,5.066,READY
65,36507,Pump.fun,PUMP,pump-fun,0.00183887,733253078.7030029,55031997.33287994,398751918370.5724,847013722041.7949,1E+12,2025-05-14T18:51:49.000Z,100,HIGH,"SYMBOL,USDT,TRADING,HIGH_VOLUME",PUMPUSDT,PUMP,USDT,PUMPTRY;PUMPUSDC;PUMPUSDT,2025-09-11T12:00:00+00:00,0.001829,5201490.714,56450,-0.544,READY
66,3794,Cosmos,ATOM,cosmos,1.3908948045654863,724503405.1975129,21275877.42266115,520890151.3,520890151.3,,2019-03-14T00:00:00.000Z,100,HIGH,"SYMBOL,USDT,TRADING,HIGH_VOLUME",ATOMUSDT,ATOM,USDT,ATOMBTC;ATOMEUR;ATOMTRY;ATOMUSDC;ATOMUSDT,2019-04-29T04:00:00+00:00,1.401,1215242.243,13753,-1.546,READY
67,4269,GateToken,GT,gatetoken,6.641169119640235,707738357.5157454,2373188.613,106568338.3,140052780.3,142622843.7,2019-08-20T00:00:00.000Z,0,,No Binance Spot Market,,,,,,,,,,NOT_LISTED
68,38590,币安人生,币安人生,bianrensheng,0.6558990253098225,655899025.3098226,23162151.19090997,1000000000,1000000000,1000000000,2025-10-07T03:15:16.000Z,100,HIGH,"SYMBOL,USDT,TRADING,HIGH_VOLUME",币安人生USDT,币安人生,USDT,币安人生U;币安人生USD1;币安人生USDC;币安人生USDT,2026-01-07T14:00:00+00:00,0.6351,4107717.304,72029,-6.452,READY
69,29210,Jupiter,JUP,jupiter-ag,0.1845417211938942,612736270.0318909,21191070.12100936,3320312968,6862435229.582892,6864785739,2024-01-31T08:38:13.000Z,100,HIGH,"SYMBOL,USDT,TRADING,HIGH_VOLUME",JUPUSDT,JUP,USDT,JUPFDUSD;JUPTRY;JUPUSDC;JUPUSDT,2024-01-31T16:00:00+00:00,0.1878,1184794.582,15155,0.16,READY
70,2280,Filecoin,FIL,filecoin,0.7219535847052508,582245304.2165318,49570964.56122752,806485786,1957315383,,2017-12-13T00:00:00.000Z,100,HIGH,"SYMBOL,USDT,TRADING,HIGH_VOLUME",FILUSDT,FIL,USDT,FILBTC;FILFDUSD;FILTRY;FILUSDC;FILUSDT,2020-10-15T17:00:00+00:00,0.721,3778316.995,35133,-1.057,READY
71,2634,XDC Network,XDC,xdc-network,0.027618692,580412679.1014313,7150039.948,21015212410,38084428209,,2018-04-12T00:00:00.000Z,0,,No Binance Spot Market,,,,,,,,,,NOT_LISTED
72,35509,Venice Token,VVV,venice-token,11.895011678068876,564322102.4757481,16001048.15015565,47441912.43764834,80654681.47,,2025-01-28T02:53:32.000Z,0,,No Binance Spot Market,,,,,,,,,,NOT_LISTED
73,7950,Flare,FLR,flare,0.006423294,558165503.2,2334448.018,86897086425.47797,106229111430.1935,,2020-12-11T00:00:00.000Z,0,,No Binance Spot Market,,,,,,,,,,NOT_LISTED
74,11841,Arbitrum,ARB,arbitrum,0.084234818,557133836.1881206,47815176.87716783,6614056381,10000000000,,2023-03-23T12:50:11.000Z,100,HIGH,"SYMBOL,USDT,TRADING,HIGH_VOLUME",ARBUSDT,ARB,USDT,ARBBTC;ARBETH;ARBIDR;ARBTRY;ARBUSDC;ARBUSDT,2023-03-23T15:00:00+00:00,0.0826,2961510.264,14385,-4.287,READY
75,39125,Lighter,LIT,lighter,2.0820038371972736,520500959.2993184,31312867.90154256,250000000,1000000000,1000000000,2025-12-30T06:45:00.000Z,0,,No Binance Spot Market,,,,,,,,,,NOT_LISTED
76,7226,Injective,INJ,injective,5.172086049181136,517058379.0927721,108273282.77338634,99970954.5,100000000,,2020-09-29T00:00:00.000Z,100,HIGH,"SYMBOL,USDT,TRADING,HIGH_VOLUME",INJUSDT,INJ,USDT,INJBTC;INJFDUSD;INJTRY;INJUSDC;INJUSDT,2020-10-21T04:00:00+00:00,5.274,6728522.451,76099,-0.509,READY
77,21794,Aptos,APT,aptos,0.6069662630402539,512932301.22725314,32717268.45,845075472.0007157,1206135236.8892865,2100000000,2022-10-19T01:50:25.000Z,100,HIGH,"SYMBOL,USDT,TRADING,HIGH_VOLUME",APTUSDT,APT,USDT,APTBTC;APTEUR;APTFDUSD;APTJPY;APTTRY;APTU;APTUSDC;APTUSDT,2022-10-19T01:00:00+00:00,0.604,2390948.497,12980,-2.894,READY
78,2563,TrueUSD,TUSD,trueusd,0.996107355,492590111.3721327,24392246.73,494515083,494515083,,2018-03-06T00:00:00.000Z,0,,Stablecoin,,,,,,,,,,STABLECOIN_SKIP
79,2694,Nexo,NEXO,nexo,0.7432993748364147,480279798.6090135,8661031.358,646145839.5746847,1000000000,1000000000,2018-05-01T00:00:00.000Z,95,HIGH,"SYMBOL,USDT,TRADING,GOOD_VOLUME",NEXOUSDT,NEXO,USDT,NEXOBTC;NEXOUSDT,2022-04-29T14:00:00+00:00,0.742,461839.8779,6496,0.678,READY
80,7186,PancakeSwap,CAKE,pancakeswap,1.3892007326540747,448093085.43896455,23897750.95022848,322554599.1347705,334876829.5388313,400000000,2020-09-25T00:00:00.000Z,95,HIGH,"SYMBOL,USDT,TRADING,GOOD_VOLUME",CAKEUSDT,CAKE,USDT,CAKEBNB;CAKEBTC;CAKETRY;CAKEUSDC;CAKEUSDT,2021-02-19T06:00:00+00:00,1.399,935064.6607,13139,0.72,READY
81,29814,ether.fi,ETHFI,ether-fi-ethfi,0.4489156797993172,437005048.9828817,27220576.04777728,973468000,1000000000,1000000000,2024-03-13T06:06:39.000Z,100,HIGH,"SYMBOL,USDT,TRADING,HIGH_VOLUME",ETHFIUSDT,ETHFI,USDT,ETHFITRY;ETHFIUSDC;ETHFIUSDT,2024-03-18T12:00:00+00:00,0.4165,2372185.453,30458,-8.159,READY
82,20641,EURC,EURC,euro-coin,1.138379020830554,433582212.31457335,36396948.02030881,380876847.1490581,380876847.1490581,,2022-06-16T19:13:48.000Z,0,,No Binance Spot Market,,,,,,,,,,NOT_LISTED
83,131,Dash,DASH,dash,32.34585184236284,413437777.66890734,61013863.62092578,12781786.66259253,12781786.66259253,18900000,2014-02-14T00:00:00.000Z,100,HIGH,"SYMBOL,USDT,TRADING,HIGH_VOLUME",DASHUSDT,DASH,USDT,DASHBTC;DASHTRY;DASHUSDC;DASHUSDT,2019-03-28T04:00:00+00:00,32.16,2957182.076,17751,-2.457,READY
84,3077,VeChain,VET,vechain,0.004720845,405922016.19602513,11209930.30938201,85985041177,85985041177,86712634466,2017-08-22T00:00:00.000Z,95,HIGH,"SYMBOL,USDT,TRADING,GOOD_VOLUME",VETUSDT,VET,USDT,VETEUR;VETTRY;VETUSDC;VETUSDT,2018-07-25T04:00:00+00:00,0.004692,454147.2237,6882,-1.304,READY
85,29270,Aerodrome Finance,AERO,aerodrome-finance,0.4133295650764223,402645874.0892305,56466575.06290908,974152124.8662276,1945164683.626912,,2024-02-02T07:15:19.000Z,100,HIGH,"SYMBOL,USDT,TRADING,HIGH_VOLUME",AEROUSDT,AERO,USDT,AEROTRY;AEROUSDC;AEROUSDT,2026-07-17T16:00:00+00:00,0.4178,23640649.8,366790,-2.132,READY
86,29420,Virtuals Protocol,VIRTUAL,virtual-protocol,0.5888999217443598,387210132.0928289,38880831.30112929,657514320.8473986,1000000000,1000000000,2024-02-15T07:33:29.000Z,100,HIGH,"SYMBOL,USDT,TRADING,HIGH_VOLUME",VIRTUALUSDT,VIRTUAL,USDT,VIRTUALIDR;VIRTUALTRY;VIRTUALUSDC;VIRTUALUSDT,2025-04-11T14:00:00+00:00,0.5886,3342012.673,45238,-2.951,READY
87,34466,Pudgy Penguins,PENGU,pudgy-penguins,0.00602794,378918698.5727874,37323933.38755415,62860396090,76724221264,88888888888,2024-12-17T14:00:00.000Z,100,HIGH,"SYMBOL,USDT,TRADING,HIGH_VOLUME",PENGUUSDT,PENGU,USDT,PENGUTRY;PENGUUSDC;PENGUUSDT,2024-12-17T14:00:00+00:00,0.006042,2818150.526,39951,-0.935,READY
88,35336,OFFICIAL TRUMP,TRUMP,official-trump,1.5822657941260565,375650660.0154823,235356775.3,237413120.7,999999080.4,999999080.4,2025-01-18T04:19:35.000Z,100,HIGH,"SYMBOL,USDT,TRADING,HIGH_VOLUME",TRUMPUSDT,TRUMP,USDT,TRUMPFDUSD;TRUMPJPY;TRUMPTRY;TRUMPU;TRUMPUSD1;TRUMPUSDC;TRUMPUSDT,2025-01-19T08:00:00+00:00,1.566,4498361.414,38230,-2.003,READY
89,28177,Pyth Network,PYTH,pyth-network,0.045106151,355210113.4224964,12812735.39937673,7874981677.726829,9999981857.422035,10000000000,2023-11-20T09:42:13.000Z,100,HIGH,"SYMBOL,USDT,TRADING,HIGH_VOLUME",PYTHUSDT,PYTH,USDT,PYTHTRY;PYTHUSDC;PYTHUSDT,2024-02-02T12:00:00+00:00,0.04438,1372040.93,30093,-4.022,READY
90,10529,Sun [New],SUN,sun-token,0.018365163,353184253.9767134,51669368.42733908,19231207016.782543,19231207016.782543,19900730000,2021-06-21T00:00:00.000Z,95,HIGH,"SYMBOL,USDT,TRADING,GOOD_VOLUME",SUNUSDT,SUN,USDT,SUNTRY;SUNUSDT,2020-09-21T14:00:00+00:00,0.01843,300937.5742,4636,0.163,READY
91,39064,Midnight,NIGHT,midnight-network,0.020910717,347272625.1,22638219.71504963,16607399401,24000000000,24000000000,2025-12-08T02:23:02.000Z,100,HIGH,"SYMBOL,USDT,TRADING,HIGH_VOLUME",NIGHTUSDT,NIGHT,USDT,NIGHTTRY;NIGHTU;NIGHTUSDC;NIGHTUSDT,2026-03-11T15:00:00+00:00,0.02014,1495876.537,29943,-5,READY
92,26081,First Digital USD,FDUSD,first-digital-usd,0.9968815423491644,346072941.8,172562961.14187652,347155531.6,347155531.6,,2023-07-26T04:26:40.000Z,0,,Stablecoin,,,,,,,,,,STABLECOIN_SKIP
93,3773,Artificial Superintelligence Alliance,FET,artificial-superintelligence-alliance,0.1514893462178863,339400628.9027554,105993747.0669992,2240425728.780936,2714384547,2719493897,2019-03-02T00:00:00.000Z,100,HIGH,"SYMBOL,USDT,TRADING,HIGH_VOLUME",FETUSDT,FET,USDT,FETBTC;FETJPY;FETTRY;FETU;FETUSDC;FETUSDT,2019-02-28T10:00:00+00:00,0.1524,3768315.329,20177,0.263,READY
94,23149,Sei,SEI,sei,0.044527585,326782996.6965599,20498043.50016882,7338888888,10000000000,10000000000,2023-08-14T07:35:00.000Z,100,HIGH,"SYMBOL,USDT,TRADING,HIGH_VOLUME",SEIUSDT,SEI,USDT,SEIJPY;SEITRY;SEIUSDC;SEIUSDT,2023-08-15T12:00:00+00:00,0.04393,1660406.659,29427,-3.683,READY
95,8000,Lido DAO,LDO,lido-dao,0.3906921793865739,326760220.5683177,33228451.10775233,836362327.7060835,1000000000,,2020-12-15T00:00:00.000Z,100,HIGH,"SYMBOL,USDT,TRADING,HIGH_VOLUME",LDOUSDT,LDO,USDT,LDOFDUSD;LDOTRY;LDOUSDC;LDOUSDT,2022-05-09T11:00:00+00:00,0.3763,2545924.364,41913,-3.686,READY
96,22861,Celestia,TIA,celestia,0.3441214264718305,316568655.0562438,19611265.08629687,919932996.6,1168685161.483695,,2023-10-31T16:51:41.000Z,100,HIGH,"SYMBOL,USDT,TRADING,HIGH_VOLUME",TIAUSDT,TIA,USDT,TIATRY;TIAUSDC;TIAUSDT,2023-10-31T16:00:00+00:00,0.3419,1875564.429,27902,-1.866,READY
97,28081,SPX6900,SPX,spx6900,0.336422247,313206787.72905004,5527365.761,930993090.1,930993090.1,1000000000,2023-08-17T10:00:00.000Z,0,,No Binance Spot Market,,,,,,,,,,NOT_LISTED
98,6538,Curve DAO Token,CRV,curve-dao-token,0.2032184947639642,311347930.57991725,24496257.73886754,1532084621.242491,2402836149.293625,3030303030,2020-08-14T00:00:00.000Z,100,HIGH,"SYMBOL,USDT,TRADING,HIGH_VOLUME",CRVUSDT,CRV,USDT,CRVTRY;CRVUSDC;CRVUSDT,2020-08-15T04:00:00+00:00,0.2039,1169575.288,13036,-1.924,READY
99,26997,LayerZero,ZRO,layerzero,0.8265875480755053,300068199.35240895,25034475.56187596,363020468.9763836,1000000000,1000000000,2024-06-20T05:52:25.000Z,100,HIGH,"SYMBOL,USDT,TRADING,HIGH_VOLUME",ZROUSDT,ZRO,USDT,ZROFDUSD;ZROTRY;ZROUSDC;ZROUSDT,2024-06-20T13:00:00+00:00,0.868,2749832.29,28963,9.045,READY
100,28541,Jito,JTO,jito,0.5934287777718655,297877442.8263425,28493855.44603248,501959888,986522992.0750766,,2023-12-07T16:04:41.000Z,100,HIGH,"SYMBOL,USDT,TRADING,HIGH_VOLUME",JTOUSDT,JTO,USDT,JTOTRY;JTOUSDC;JTOUSDT,2023-12-07T16:00:00+00:00,0.6133,2007202.177,55034,-2.356,READY
101,4172,Terra Classic,LUNC,terra-luna,5.3115981899943984e-05,293825677.3508182,13799353.30649261,5.53178E+12,6.454E+12,6.454E+12,2019-07-26T00:00:00.000Z,100,HIGH,"SYMBOL,USDT,TRADING,HIGH_VOLUME",LUNCUSDT,LUNC,USDT,LUNCTRY;LUNCUSDC;LUNCUSDT,2022-09-09T08:00:00+00:00,5.366e-05,1386447.045,15083,-0.63,READY
102,1659,Gnosis,GNO,gnosis-gno,107.30028888873284,283220160.8953933,3504551.498,2639509.77,2999934.746,,2017-05-01T00:00:00.000Z,95,HIGH,"SYMBOL,USDT,TRADING,GOOD_VOLUME",GNOUSDT,GNO,USDT,GNOUSDT,2021-08-30T06:00:00+00:00,106.65,194375.5224,3996,-0.947,READY
103,9816,AINFT,NFT,apenft,2.687712259527897e-07,266111894.04872105,6826642.339,990105592982874.8,990105592982874.8,999990000000000.0,2021-05-14T00:00:00.000Z,0,,No Binance Spot Market,,,,,,,,,,NOT_LISTED
104,3602,Bitcoin SV,BSV,bitcoin-sv,13.236890431263332,265534338.5,11478794.26406116,20060175,20060175,,2018-11-09T00:00:00.000Z,0,,No Binance Spot Market,,,,,,,,,,NOT_LISTED
105,16086,BitTorrent [New],BTT,bittorrent-new,2.6759659266867053e-07,264127975.0858528,4743073.203,987037885840674.8,987037885840674.8,,2019-01-31T00:00:00.000Z,0,,No Binance Spot Market,,,,,,,,,,NOT_LISTED
106,9481,Pendle,PENDLE,pendle,1.5225383104762231,261333661.1586632,25574391.11665615,171643405.8575003,281527448.45853144,,2021-04-29T00:00:00.000Z,100,HIGH,"SYMBOL,USDT,TRADING,HIGH_VOLUME",PENDLEUSDT,PENDLE,USDT,PENDLEBTC;PENDLETRY;PENDLEUSDC;PENDLEUSDT,2023-07-03T10:00:00+00:00,1.481,1655126.287,18850,-5.609,READY
107,30495,Monad,MON,monad,0.022082306,261126907.9565869,16509592.26300815,11825165000,1.00683E+11,1.14167E+11,2024-07-04T07:03:38.000Z,0,,No Binance Spot Market,,,,,,,,,,NOT_LISTED
108,4847,Stacks,STX,stacks,0.1432076470222282,259865425.2,30476194.87258559,1814605788,1814570813,,2019-10-28T00:00:00.000Z,100,HIGH,"SYMBOL,USDT,TRADING,HIGH_VOLUME",STXUSDT,STX,USDT,STXBTC;STXTRY;STXUSDC;STXUSDT,2019-10-25T04:00:00+00:00,0.1401,3914805.524,44361,-14.312,READY
109,23095,Bonk,BONK,bonk1,2.914353058041753e-06,256447335.89423323,38510320.92316908,87994601473079.05,87994601473079.05,88872433754423.19,2022-12-30T06:58:50.000Z,100,HIGH,"SYMBOL,USDT,TRADING,HIGH_VOLUME",BONKUSDT,BONK,USDT,BONKFDUSD;BONKTRY;BONKUSDC;BONKUSDT,2023-12-15T08:00:00+00:00,2.96e-06,1961621.833,9434,1.37,READY
110,2011,Tezos,XTZ,tezos,0.2286157303716935,249526349.6213008,12439072.90597592,1091466231.197695,1111451886.217097,,2017-10-06T00:00:00.000Z,95,HIGH,"SYMBOL,USDT,TRADING,GOOD_VOLUME",XTZUSDT,XTZ,USDT,XTZBTC;XTZTRY;XTZUSDC;XTZUSDT,2019-09-24T11:00:00+00:00,0.228,429012.3058,5749,-4,READY
111,10603,Immutable,IMX,immutable-x,0.1242246177201867,248449235.4403734,9078082.509,2000000000,2000000000,2000000000,2021-06-24T00:00:00.000Z,95,HIGH,"SYMBOL,USDT,TRADING,GOOD_VOLUME",IMXUSDT,IMX,USDT,IMXUSDC;IMXUSDT,2022-01-10T10:00:00+00:00,0.1241,333150.5615,3177,-1.037,READY
112,35763,KAITO,KAITO,kaito,0.974511287,235236196.8857728,55579198.74417601,241388889,1000000000,1000000000,2025-02-14T13:09:33.000Z,100,HIGH,"SYMBOL,USDT,TRADING,HIGH_VOLUME",KAITOUSDT,KAITO,USDT,KAITOTRY;KAITOUSDC;KAITOUSDT,2025-02-20T13:00:00+00:00,0.9669,15120708.27,559770,-4.758,READY
113,7334,Conflux,CFX,conflux-network,0.044873225,234518694.1418453,6381133.834,5226250022,5226250022,,2020-11-11T00:00:00.000Z,95,HIGH,"SYMBOL,USDT,TRADING,GOOD_VOLUME",CFXUSDT,CFX,USDT,CFXTRY;CFXUSDC;CFXUSDT,2021-03-29T11:00:00+00:00,0.0439,611331.9378,8652,-5.225,READY
114,7326,DeXe,DEXE,dexe,2.781319617936384,232890135.2,412206189.1948938,83733682.98906265,96504599.33609451,,2020-10-07T00:00:00.000Z,100,HIGH,"SYMBOL,USDT,TRADING,HIGH_VOLUME",DEXEUSDT,DEXE,USDT,DEXEUSDT,2021-07-23T10:00:00+00:00,3.914,125072176,1295346,135.216,READY
115,36645,Plasma,XPL,plasma-xpl,0.084812265,220511889.71620515,55060230.01634706,2600000000,10000000000,,2025-09-25T11:30:00.000Z,100,HIGH,"SYMBOL,USDT,TRADING,HIGH_VOLUME",XPLUSDT,XPL,USDT,XPLTRY;XPLU;XPLUSD1;XPLUSDC;XPLUSDT,2025-09-25T13:00:00+00:00,0.08343,6506834.547,155052,2.105,READY
116,8425,JasmyCoin,JASMY,jasmy,0.004356776,215420795.0987641,5362492.808,49444999677.16958,50000000000,50000000000,2021-02-11T00:00:00.000Z,95,HIGH,"SYMBOL,USDT,TRADING,GOOD_VOLUME",JASMYUSDT,JASMY,USDT,JASMYTRY;JASMYUSDT,2021-11-22T12:00:00+00:00,0.00433,272221.4294,2460,-0.915,READY
117,38515,DoubleZero,2Z,doublezero,0.060946521,211570819.83507964,2996687.12,3471417500,9998243152,10000000000,2025-09-29T01:04:27.000Z,90,HIGH,"SYMBOL,USDT,TRADING",2ZUSDT,2Z,USDT,2ZTRY;2ZUSDC;2ZUSDT,2025-10-02T13:00:00+00:00,0.06229,86162.58179,2956,0.793,READY
118,11840,Optimism,OP,optimism-ethereum,0.092035276,210435653.68186465,33105129.37604178,2286467356,4294967296,4294967296,2022-05-31T16:19:46.000Z,100,HIGH,"SYMBOL,USDT,TRADING,HIGH_VOLUME",OPUSDT,OP,USDT,OPTRY;OPUSDC;OPUSDT,2022-06-01T08:00:00+00:00,0.0925,2039004.48,12665,-0.431,READY
119,33824,Maple Finance,SYRUP,maple-finance,0.1732172580820036,206303366.4828896,8739926.797,1191009306.8510675,1244677492.511099,,2024-11-06T06:16:40.000Z,95,HIGH,"SYMBOL,USDT,TRADING,GOOD_VOLUME",SYRUPUSDT,SYRUP,USDT,SYRUPTRY;SYRUPUSDC;SYRUPUSDT,2025-05-06T15:00:00+00:00,0.1724,361306.8065,6824,-3.633,READY
120,1168,Decred,DCR,decred,11.567742216262252,202736879.7,1945257.98,17526054.42482526,17526054.42482526,21000000,2016-02-10T00:00:00.000Z,95,HIGH,"SYMBOL,USDT,TRADING,GOOD_VOLUME",DCRUSDT,DCR,USDT,DCRUSDT,2020-07-30T05:00:00+00:00,11.59,311632.7024,6186,-3.497,READY
121,10804,FLOKI,FLOKI,floki-inu,2.0991215877654497e-05,200700732.04075173,15500502.38809013,9.56118E+12,9.64647E+12,,2021-07-09T00:00:00.000Z,100,HIGH,"SYMBOL,USDT,TRADING,HIGH_VOLUME",FLOKIUSDT,FLOKI,USDT,FLOKIIDR;FLOKITRY;FLOKIUSDC;FLOKIUSDT,2023-05-05T18:00:00+00:00,2.111e-05,1021837.426,82945,-0.142,READY
122,32880,Kaia,KAIA,kaia,0.031217251,199030280,4512989.595,6375650513.089659,6376194907.085461,,2024-10-29T05:17:50.000Z,95,HIGH,"SYMBOL,USDT,TRADING,GOOD_VOLUME",KAIAUSDT,KAIA,USDT,KAIAUSDC;KAIAUSDT,2024-10-31T08:00:00+00:00,0.0312,419246.6492,3284,-0.952,READY
123,38828,Kite,KITE,kite,0.1090771030016544,196338785.4,27494463.67268229,1800000000,10000000000,10000000000,2025-10-29T11:11:32.000Z,100,HIGH,"SYMBOL,USDT,TRADING,HIGH_VOLUME",KITEUSDT,KITE,USDT,KITETRY;KITEUSDC;KITEUSDT,2025-11-03T13:00:00+00:00,0.1078,3777497.702,50944,-4.178,READY
124,30636,Zebec Network,ZBCN,zebec-network,0.00196241,196238636.1163053,10824173.60867644,99998775085.26376,99998775085.26376,1E+11,2024-04-15T04:07:21.000Z,0,,No Binance Spot Market,,,,,,,,,,NOT_LISTED
125,22691,Starknet,STRK,starknet-token,0.028783848,194202827.1,39663645.20258061,6746937561.348971,10139100000,,2024-02-20T12:19:19.000Z,100,HIGH,"SYMBOL,USDT,TRADING,HIGH_VOLUME",STRKUSDT,STRK,USDT,STRKTRY;STRKUSDC;STRKUSDT,2024-02-20T13:00:00+00:00,0.02912,1340001.142,12923,1.146,READY
126,36922,Humanity,H,humanity-protocol,0.061820641,191558123.83647484,7495422.255,3098611111,10000000000,10000000000,2025-06-23T03:36:52.000Z,0,,No Binance Spot Market,,,,,,,,,,NOT_LISTED
127,37298,Velvet,VELVET,velvet,0.4294558657939053,180829398.31505647,23681375.69524051,421066313.7195011,1000000000,1000000000,2025-07-09T10:28:24.000Z,0,,No Binance Spot Market,,,,,,,,,,NOT_LISTED
128,38849,Pieverse,PIEVERSE,pieverse,0.6621219518429869,179171670.07944533,9467964.26,270602220,1000000000,1000000000,2025-10-31T01:31:02.000Z,0,,No Binance Spot Market,,,,,,,,,,NOT_LISTED
129,13855,Ethereum Name Service,ENS,ethereum-name-service,4.352710266,178585582.06588623,9380193.03,41028593.94891147,100000000,,2021-11-09T01:31:29.000Z,95,HIGH,"SYMBOL,USDT,TRADING,GOOD_VOLUME",ENSUSDT,ENS,USDT,ENSTRY;ENSUSDC;ENSUSDT,2021-11-10T07:00:00+00:00,4.34,426170.2853,2685,-2.472,READY
130,38482,Falcon Finance,FF,falcon-finance-ff,0.059571576,176927579.5323002,11985939.80281704,2970000000,10000000000,10000000000,2025-09-23T04:16:56.000Z,95,HIGH,"SYMBOL,USDT,TRADING,GOOD_VOLUME",FFUSDT,FF,USDT,FFFDUSD;FFTRY;FFUSDC;FFUSDT,2025-09-29T13:00:00+00:00,0.06092,990719.4123,19757,0.894,READY
131,30494,EigenCloud,EIGEN,eigencloud,0.2119260894308525,175274258.42434478,19386309.68820156,827053709.5978146,1825636127.462444,,2024-07-04T15:49:12.000Z,100,HIGH,"SYMBOL,USDT,TRADING,HIGH_VOLUME",EIGENUSDT,EIGEN,USDT,EIGENFDUSD;EIGENTRY;EIGENUSDC;EIGENUSDT,2024-10-01T05:00:00+00:00,0.2072,2293304.681,30427,-2.723,READY
132,6719,The Graph,GRT,the-graph,0.015856507,172979308.51745707,15084125.50242956,10909042499.500652,11593634166.167112,,2020-12-17T00:00:00.000Z,95,HIGH,"SYMBOL,USDT,TRADING,GOOD_VOLUME",GRTUSDT,GRT,USDT,GRTTRY;GRTUSDC;GRTUSDT,2020-12-17T20:00:00+00:00,0.01591,435086.6346,7156,0.442,READY
133,36532,BUILDon,B,buildon,0.17169122,171691219.68761808,15597366.47092788,1000000000,1000000000,,2025-05-16T08:07:37.000Z,0,,No Binance Spot Market,,,,,,,,,,NOT_LISTED
134,5692,Compound,COMP,compound,17.108038619234488,171080386.19006747,9976695.924,10000000,10000000,,2020-06-16T00:00:00.000Z,95,HIGH,"SYMBOL,USDT,TRADING,GOOD_VOLUME",COMPUSDT,COMP,USDT,COMPTRY;COMPUSDC;COMPUSDT,2020-06-25T06:00:00+00:00,17.28,195431.884,2285,-0.804,READY
135,8526,Raydium,RAY,raydium,0.6205683933769526,167127689.57070854,14205875.62375335,269313892.5,554997638.5,555000000,2021-02-19T00:00:00.000Z,95,HIGH,"SYMBOL,USDT,TRADING,GOOD_VOLUME",RAYUSDT,RAY,USDT,RAYTRY;RAYUSDC;RAYUSDT,2021-08-10T06:00:00+00:00,0.6263,589879.881,4675,-2.018,READY
136,2394,Telcoin,TEL,telcoin,0.001695158,162861075.4016334,1032976.154,96074246575,1E+11,1E+11,2018-01-14T00:00:00.000Z,0,,No Binance Spot Market,,,,,,,,,,NOT_LISTED
137,1720,IOTA,IOTA,iota,0.034264274,156168036.77601442,4527060.113,4557751270,4600000000,,2017-06-13T00:00:00.000Z,95,HIGH,"SYMBOL,USDT,TRADING,GOOD_VOLUME",IOTAUSDT,IOTA,USDT,IOTATRY;IOTAUSDC;IOTAUSDT,2018-05-31T09:00:00+00:00,0.0348,357131.6668,4157,0,READY
138,6783,Axie Infinity,AXS,axie-infinity,0.882577984,153755962.65737706,16891332.63886814,174212325.00134403,270000000,,2020-08-31T00:00:00.000Z,100,HIGH,"SYMBOL,USDT,TRADING,HIGH_VOLUME",AXSUSDT,AXS,USDT,AXSTRY;AXSUSDC;AXSUSDT,2020-11-04T13:00:00+00:00,0.891,1167976.783,11966,-1,READY
139,4041,MX Token,MX,mx-token,1.6626913393010017,152697139.86629343,4897168.106,91837334,409024834,413787834,2019-09-24T00:00:00.000Z,0,,No Binance Spot Market,,,,,,,,,,NOT_LISTED
140,4066,Chiliz,CHZ,chiliz,0.014405834,152236849.94580227,21511092.69596571,10567722108,10567722108,,2019-07-01T00:00:00.000Z,100,HIGH,"SYMBOL,USDT,TRADING,HIGH_VOLUME",CHZUSDT,CHZ,USDT,CHZTRY;CHZUSDC;CHZUSDT,2019-09-06T04:00:00+00:00,0.01412,1019213.863,10029,-3.022,READY
141,7431,Akash Network,AKT,akash-network,0.5097006450608057,150919136.21872863,2812313.365,296093673.2,296093673.2,388539008,2020-10-16T00:00:00.000Z,0,,No Binance Spot Market,,,,,,,,,,NOT_LISTED
142,10791,eCash,XEC,ecash,7.32684537226612e-06,146979277.07355234,14799931.87991839,2.00604E+13,2.00604E+13,2.1E+13,2021-07-08T00:00:00.000Z,95,HIGH,"SYMBOL,USDT,TRADING,GOOD_VOLUME",XECUSDT,XEC,USDT,XECTRY;XECUSDT,2021-09-03T10:00:00+00:00,7.09e-06,978286.1557,8329,-4.96,READY
143,18876,ApeCoin,APE,apecoin-ape,0.1438630737333246,143863073.73332462,14167681.64379883,1000000000,1000000000,1000000000,2022-03-17T12:26:36.000Z,95,HIGH,"SYMBOL,USDT,TRADING,GOOD_VOLUME",APEUSDT,APE,USDT,APETRY;APEUSDC;APEUSDT,2022-03-17T14:00:00+00:00,0.1444,668780.449,11762,-2.168,READY
144,37322,Vision,VSN,vision-token,0.039547383,143416455.7734982,3394752.986,3626446181.960901,4108036818.244497,4200000000,2025-07-11T08:45:23.000Z,0,,No Binance Spot Market,,,,,,,,,,NOT_LISTED
145,28752,dogwifhat,WIF,dogwifhat,0.1427272671367838,142561553.01864582,44983367.92,998838945.6,998838945.6,998840593,2023-12-19T09:08:50.000Z,95,HIGH,"SYMBOL,USDT,TRADING,GOOD_VOLUME",WIFUSDT,WIF,USDT,WIFIDR;WIFTRY;WIFUSDC;WIFUSDT,2024-03-05T14:00:00+00:00,0.146,907642.4206,14501,1.671,READY
146,4157,THORChain,RUNE,thorchain,0.4202577598505845,142135598.8551634,2356689.756,338210528,354110050,354196525,2019-07-23T00:00:00.000Z,95,HIGH,"SYMBOL,USDT,TRADING,GOOD_VOLUME",RUNEUSDT,RUNE,USDT,RUNEUSDC;RUNEUSDT,2020-09-04T06:00:00+00:00,0.42,519913.8229,3858,-1.869,READY
147,5964,Trust Wallet Token,TWT,trust-wallet-token,0.3305780781573327,142102463.0764872,7498443.91,429860515.5,999860531.5,999860531.5,2020-07-30T00:00:00.000Z,95,HIGH,"SYMBOL,USDT,TRADING,GOOD_VOLUME",TWTUSDT,TWT,USDT,TWTTRY;TWTUSDC;TWTUSDT,2021-01-27T08:00:00+00:00,0.333,174356.6534,1876,-0.478,READY
148,1376,Neo,NEO,neo,2.005741073598548,141482630.6203265,5771292.38,70538831,100000000,,2016-09-08T00:00:00.000Z,95,HIGH,"SYMBOL,USDT,TRADING,GOOD_VOLUME",NEOUSDT,NEO,USDT,NEOTRY;NEOUSDC;NEOUSDT,2017-11-20T03:00:00+00:00,1.985,397431.3249,4131,-3.874,READY
149,39720,edgeX,EDGE,edgex,0.4014519419275055,140508179.67462695,5979028.015,350000000,1000000000,1000000000,2026-03-19T13:39:28.000Z,0,,No Binance Spot Market,,,,,,,,,,NOT_LISTED
150,2467,OriginTrail,TRAC,origintrail,0.2794986381909898,139749319.0954949,4351337.57,500000000,500000000,500000000,2018-01-25T00:00:00.000Z,0,,No Binance Spot Market,,,,,,,,,,NOT_LISTED
151,18679,Onyxcoin,XCN,onyxcoin,0.003513899,136626725.59113565,4505578.589,38881804549.417625,48402432357.48608,68892071756.90897,2022-03-09T16:10:43.000Z,0,,No Binance Spot Market,,,,,,,,,,NOT_LISTED
152,2416,Theta Network,THETA,theta-network,0.1330673011706636,133067301.17066364,5015958.217,1000000000,1000000000,1000000000,2018-01-17T00:00:00.000Z,95,HIGH,"SYMBOL,USDT,TRADING,GOOD_VOLUME",THETAUSDT,THETA,USDT,THETABTC;THETATRY;THETAUSDC;THETAUSDT,2019-04-10T04:00:00+00:00,0.1348,328891.8292,3023,0.898,READY
153,1966,Decentraland,MANA,decentraland,0.065948575,130967906.92758764,9999351.113,1985909566.5331404,2193179327.320146,,2017-09-17T00:00:00.000Z,95,HIGH,"SYMBOL,USDT,TRADING,GOOD_VOLUME",MANAUSDT,MANA,USDT,MANATRY;MANAUSDT,2020-08-06T10:00:00+00:00,0.0685,305487.4468,4755,2.545,READY
154,6210,The Sandbox,SAND,the-sandbox,0.044302638,130145189.18819368,21340699.62,2937639702.3733225,3000000000,,2020-08-05T00:00:00.000Z,95,HIGH,"SYMBOL,USDT,TRADING,GOOD_VOLUME",SANDUSDT,SAND,USDT,SANDTRY;SANDUSDC;SANDUSDT,2020-08-14T13:00:00+00:00,0.04508,859443.8527,15661,-1.893,READY
155,33597,Fartcoin,FARTCOIN,fartcoin,0.1245115289029853,124511311.75487898,11929738.49976278,999998256,1000000000,1000000000,2024-10-23T17:42:55.000Z,0,,No Binance Spot Market,,,,,,,,,,NOT_LISTED
156,8104,1inch,1INCH,1inch,0.086078618,121541399.43142857,10260193.41517842,1411981301.489995,1500000000,1500000000,2020-12-25T00:00:00.000Z,95,HIGH,"SYMBOL,USDT,TRADING,GOOD_VOLUME",1INCHUSDT,1INCH,USDT,1INCHUSDC;1INCHUSDT,2020-12-25T05:00:00+00:00,0.0864,543163.8278,8554,0.699,READY
157,5632,Arweave,AR,arweave,1.830639616315383,120186005.16839872,10081259.80613211,65652466,65652466,66000000,2020-05-27T00:00:00.000Z,95,HIGH,"SYMBOL,USDT,TRADING,GOOD_VOLUME",ARUSDT,AR,USDT,ARBTC;ARTRY;ARUSDC;ARUSDT,2021-05-14T12:00:00+00:00,1.841,577910.541,6227,0.546,READY
158,39841,Genius Terminal,GENIUS,genius-terminal,0.3528665129851007,118343333.3445284,14359370.51662075,335377059,953973324.3,1000000000,2026-04-07T07:20:12.000Z,95,HIGH,"SYMBOL,USDT,TRADING,GOOD_VOLUME",GENIUSUSDT,GENIUS,USDT,GENIUSTRY;GENIUSUSDC;GENIUSUSDT,2026-05-22T12:00:00+00:00,0.3682,393613.4864,7503,6.201,READY
159,9903,Convex Finance,CVX,convex-finance,1.1939032770711138,118183500.60768372,5525961.446,98989175.15,99981178.61033916,,2021-05-18T00:00:00.000Z,95,HIGH,"SYMBOL,USDT,TRADING,GOOD_VOLUME",CVXUSDT,CVX,USDT,CVXUSDC;CVXUSDT,2021-12-23T14:00:00+00:00,1.282,971937.3528,9758,8.277,READY
160,7548,WEMIX,WEMIX,wemix,0.2348713972039875,116989385.5877348,1078246.566,498099755.78307074,558896667.9927068,590000000,2020-10-29T00:00:00.000Z,0,,No Binance Spot Market,,,,,,,,,,NOT_LISTED
161,10180,GoМining,GOMINING,gomining-token,0.2878138246194713,116222227.52338752,6939005.139,403810441.2706685,403890250.7458408,403890250.7458408,2021-06-01T00:00:00.000Z,0,,No Binance Spot Market,,,,,,,,,,NOT_LISTED
162,1697,Basic Attention Token,BAT,basic-attention-token,0.077026229,115210029.95197068,4145355.414,1495724656.9526055,1500000000,1500000000,2017-06-01T00:00:00.000Z,95,HIGH,"SYMBOL,USDT,TRADING,GOOD_VOLUME",BATUSDT,BAT,USDT,BATUSDT,2019-03-04T10:00:00+00:00,0.0765,141389.4395,1859,-0.907,READY
163,39332,Zama,ZAMA,zama,0.051025324,112255713.53220636,144630766.64178932,2200000000,11196548333,,2026-02-02T12:00:00.000Z,100,HIGH,"SYMBOL,USDT,TRADING,HIGH_VOLUME",ZAMAUSDT,ZAMA,USDT,ZAMATRY;ZAMAUSDC;ZAMAUSDT,2026-02-02T13:00:00+00:00,0.05639,20945329.64,315300,1.842,READY
164,4006,AWE,AWE,awe-network,0.057582124,111848684.76762064,2194244.509,1942420283.0270672,1942420283,1942420283.027067,2019-06-12T00:00:00.000Z,95,HIGH,"SYMBOL,USDT,TRADING,GOOD_VOLUME",AWEUSDT,AWE,USDT,AWEUSDT,2025-05-21T08:00:00+00:00,0.05642,142967.0789,2211,-0.195,READY
165,34958,Tagger,TAG,tagger,0.001028542,111498707.26729822,6608928.867,1.08405E+11,4.05381E+11,,2024-12-31T03:48:26.000Z,0,,No Binance Spot Market,,,,,,,,,,NOT_LISTED
166,8119,SafePal,SFP,safepal,0.2146317962351472,107315898.11757363,1493093.541,500000000,500000000,500000000,2020-12-28T00:00:00.000Z,90,HIGH,"SYMBOL,USDT,TRADING",SFPUSDT,SFP,USDT,SFPUSDT,2021-02-08T13:00:00+00:00,0.2154,37757.6938,1293,0,READY
167,28324,dYdX,DYDX,dydx-chain,0.1249450111822277,106029328.40357149,4065881.838,848607938.8070294,958342962.3,1000000000,2021-08-03T00:00:00.000Z,95,HIGH,"SYMBOL,USDT,TRADING,GOOD_VOLUME",DYDXUSDT,DYDX,USDT,DYDXTRY;DYDXUSDC;DYDXUSDT,2021-09-09T02:00:00+00:00,0.1249,501418.1806,7542,0.289,READY
168,36462,Vaulta,A,vaulta,0.063762965,105596984.57058764,6768467.213,1656086488,2100000000,2100000000,2025-05-28T09:48:03.000Z,95,HIGH,"SYMBOL,USDT,TRADING,GOOD_VOLUME",AUSDT,A,USDT,ATRY;AUSDC;AUSDT,2025-05-28T08:00:00+00:00,0.0624,892370.8678,24346,-4,READY
169,3701,Rootstock Infrastructure Framework,RIF,rsk-infrastructure-framework,0.103757257,103757257.47178005,43231898.04713099,1000000000,1000000000,1000000000,2019-01-16T00:00:00.000Z,100,HIGH,"SYMBOL,USDT,TRADING,HIGH_VOLUME",RIFUSDT,RIF,USDT,RIFUSDT,2021-01-07T13:00:00+00:00,0.1128,16597740.19,167573,-12.693,READY
170,6748,Centrifuge,CFG,centrifuge,0.175420984,101245779.67454349,6899781.183,577158886,697164473,,2020-08-28T00:00:00.000Z,95,HIGH,"SYMBOL,USDT,TRADING,GOOD_VOLUME",CFGUSDT,CFG,USDT,CFGTRY;CFGUSDC;CFGUSDT,2026-03-16T13:00:00+00:00,0.1731,876884.3339,12559,-4.312,READY
171,40224,Re,RE,re-protocol,0.6305620537037957,100637703.7711258,183010205.7228048,159600000,1000000000,1000000000,2026-06-17T02:55:31.000Z,100,HIGH,"SYMBOL,USDT,TRADING,HIGH_VOLUME",REUSDT,RE,USDT,RETRY;REU;REUSD1;REUSDC;REUSDT,2026-06-18T14:00:00+00:00,0.5714,26108267.14,345338,-0.54,READY
172,1455,Golem,GLM,golem-network-tokens,0.099844611,99844610.55,6151018.735,1000000000,1000000000,1000000000,2016-11-18T00:00:00.000Z,90,HIGH,"SYMBOL,USDT,TRADING",GLMUSDT,GLM,USDT,GLMUSDT,2023-03-17T08:00:00+00:00,0.0999,78866.4238,1967,-0.2,READY
173,35626,Data Network,DATA,data-network,0.2736363521861325,97750707.74146912,33161577.63796627,357228515,1030755602,,2025-02-06T07:02:40.000Z,0,,No Binance Spot Market,,,,,,,,,,NOT_LISTED
174,38868,Sentient,SENT,sentient,0.013404012,97016612.66045558,12922523.41,7237878887,34359738368,,2026-01-22T10:00:00.000Z,95,HIGH,"SYMBOL,USDT,TRADING,GOOD_VOLUME",SENTUSDT,SENT,USDT,SENTTRY;SENTUSDC;SENTUSDT,2026-01-22T13:00:00+00:00,0.01286,508817.7699,6991,-3.453,READY
175,3871,AB,AB,newton,0.000976122,96463976.16,699171.281,98823661261,98823661261,98823661261,2019-04-17T00:00:00.000Z,0,,No Binance Spot Market,,,,,,,,,,NOT_LISTED
176,7080,Gala,GALA,gala,0.001966971,96342724.24,26010430.08802972,48980257078,48980257078,50000000000,2020-09-16T00:00:00.000Z,95,HIGH,"SYMBOL,USDT,TRADING,GOOD_VOLUME",GALAUSDT,GALA,USDT,GALATRY;GALAUSDC;GALAUSDT,2021-09-13T06:00:00+00:00,0.001992,886618.4635,8839,-0.05,READY
177,38908,Allora,ALLO,allora,0.4775952061623307,95757838.84,45716805.55643782,200500000,785499999,1000000000,2025-11-10T01:35:52.000Z,100,HIGH,"SYMBOL,USDT,TRADING,HIGH_VOLUME",ALLOUSDT,ALLO,USDT,ALLOTRY;ALLOUSDC;ALLOUSDT,2025-11-11T14:00:00+00:00,0.5173,8235069.465,183009,1.372,READY
178,33391,DeepBook Protocol,DEEP,deepbook-protocol,0.017425497,95313581.17301652,3319568.081,5469776910,10000000000,10000000000,2024-10-10T05:43:32.000Z,0,,No Binance Spot Market,,,,,,,,,,NOT_LISTED
179,36542,SOON,SOON,soon,0.1702304265612849,94865815.94,6205759.672,557278847.6,998466231.2532852,,2025-05-23T02:53:18.000Z,0,,No Binance Spot Market,,,,,,,,,,NOT_LISTED
180,39965,Nexus,NEX,nexus-labs,1.5785826996108385e-06,94714961.98,1051991.214,6E+13,100000000000000.0,100000000000000.0,2026-05-08T04:45:35.000Z,0,,No Binance Spot Market,,,,,,,,,,NOT_LISTED
181,24091,ZKsync,ZK,zksync,0.009127386,92808385.13,7289515.615,10168122621.823236,14826835215.600285,21000000000,2024-06-16T23:10:00.000Z,95,HIGH,"SYMBOL,USDT,TRADING,GOOD_VOLUME",ZKUSDT,ZK,USDT,ZKTRY;ZKUSDC;ZKUSDT,2024-06-17T10:00:00+00:00,0.00918,529051.2546,4425,-1.818,READY
182,10508,Fluid,FLUID,instadapp,1.171294728292937,92177377.50815776,4802838.438,78696996.82034639,100000000,,2021-06-19T00:00:00.000Z,0,,No Binance Spot Market,,,,,,,,,,NOT_LISTED
183,30986,Kamino,KMNO,kamino-finance,0.017472582,89816255.83917032,3379289.229,5140411263,9999957181.121836,10000000000,2024-04-30T06:37:24.000Z,95,HIGH,"SYMBOL,USDT,TRADING,GOOD_VOLUME",KMNOUSDT,KMNO,USDT,KMNOUSDC;KMNOUSDT,2025-05-06T15:00:00+00:00,0.0177,144513.9616,4498,0.568,READY
184,38151,YZY MONEY,YZY,yzy,0.293695319,88982515.86480038,120945.4442,302975601.1,999999434.5,1000000000,2025-08-21T02:17:55.000Z,0,,No Binance Spot Market,,,,,,,,,,NOT_LISTED
185,30083,Aethir,ATH,aethir,0.004408678,88741244.56719263,6752209.267,20128764593,42000000000,42000000000,2024-06-12T02:20:00.000Z,0,,No Binance Spot Market,,,,,,,,,,NOT_LISTED
186,6892,MultiversX,EGLD,multiversx-egld,2.882634166069248,87667530.77858363,3951796.83,30412298.51865901,30417454,,2020-09-04T00:00:00.000Z,95,HIGH,"SYMBOL,USDT,TRADING,GOOD_VOLUME",EGLDUSDT,EGLD,USDT,EGLDEUR;EGLDTRY;EGLDUSDC;EGLDUSDT,2020-09-03T03:00:00+00:00,2.88,272672.8679,2884,-1.706,READY
187,28298,Beam,BEAM,onbeam,0.001697719,87093313.34155928,11560523.66401103,51300184687,58470184687,58470184687,2021-10-29T04:07:32.000Z,0,,No Binance Spot Market,,,,,,,,,,NOT_LISTED
188,33280,Cheems (cheems.pet),CHEEMS,cheems-pet,4.618737465238992e-07,86599034.16634184,1354123.73,187495034775398.0,203672952644644.2,203672960023058.0,2024-10-03T03:58:19.000Z,0,,No Binance Spot Market,,,,,,,,,,NOT_LISTED
189,38353,Meteora,MET,meteora,0.1558061138178562,83072920.6,16248782.52280993,533181391.7,997733887.9,1000000000,2025-09-10T23:40:19.000Z,100,HIGH,"SYMBOL,USDT,TRADING,HIGH_VOLUME",METUSDT,MET,USDT,METTRY;METUSDC;METUSDT,2025-11-13T14:00:00+00:00,0.1627,1472859.681,16759,0.308,READY
190,40092,o1.exchange,O,o1-exchange,0.5141130872887285,82258093.96619657,55969668.76578809,160000000,1000000000,1000000000,2026-06-15T10:15:31.000Z,0,,No Binance Spot Market,,,,,,,,,,NOT_LISTED
191,32956,Grass,GRASS,grass,0.3329028945786946,81196710.79637992,17355463.39209509,243905091,1000000000,,2024-10-28T05:31:00.000Z,0,,No Binance Spot Market,,,,,,,,,,NOT_LISTED
192,35347,Official Melania Meme,MELANIA,melania-meme,0.08011139,80111062.29639934,6228965.786,999995913.7,999995913.7,,2025-01-19T23:21:51.000Z,0,,No Binance Spot Market,,,,,,,,,,NOT_LISTED
193,3964,Reserve Rights,RSR,reserve-rights,0.001226904,76746723.31764695,6501580.465,62553174091,1E+11,1E+11,2019-05-24T00:00:00.000Z,95,HIGH,"SYMBOL,USDT,TRADING,GOOD_VOLUME",RSRUSDT,RSR,USDT,RSRTRY;RSRUSDC;RSRUSDT,2020-08-27T07:00:00+00:00,0.001218,357761.0324,3586,-2.948,READY
194,19269,CoW Protocol,COW,cow-protocol,0.1320573045066169,76265953.91055274,2645917.566,577521661.4900033,1000000000,1000000000,2022-04-01T08:42:05.000Z,90,HIGH,"SYMBOL,USDT,TRADING",COWUSDT,COW,USDT,COWTRY;COWUSDC;COWUSDT,2024-11-06T12:00:00+00:00,0.1327,61009.01483,797,-0.822,READY
195,36044,NEXPACE,NXPC,maplestory-universe,0.2590848015380166,75807148.22558537,9061404.161,292595890.5175758,988350564.5,1000000000,2025-03-17T06:30:59.000Z,95,HIGH,"SYMBOL,USDT,TRADING,GOOD_VOLUME",NXPCUSDT,NXPC,USDT,NXPCTRY;NXPCUSDC;NXPCUSDT,2025-05-15T07:00:00+00:00,0.26,273704.9192,8138,0.697,READY
196,38967,RaveDAO,RAVE,ravedao,0.3001599029672209,75784538.88991009,6268516.784,252480555,1000000000,1000000000,2025-11-18T10:05:02.000Z,0,,No Binance Spot Market,,,,,,,,,,NOT_LISTED
197,11857,GMX,GMX,gmx,7.254962165436938,75728957.86604801,8712824.529,10438229.19254151,10438229.19254151,13250000,2021-09-13T12:11:50.000Z,95,HIGH,"SYMBOL,USDT,TRADING,GOOD_VOLUME",GMXUSDT,GMX,USDT,GMXUSDT,2022-10-05T10:00:00+00:00,6.87,843467.4257,15677,-0.579,READY
198,5864,Yearn,YFI,yearn-finance,2104.668878835252,75380709.04783039,4404603.414,35815.94701,36646.35595,,2020-07-18T00:00:00.000Z,95,HIGH,"SYMBOL,USDT,TRADING,GOOD_VOLUME",YFIUSDT,YFI,USDT,YFIUSDT,2020-08-10T12:00:00+00:00,2088,282733.6674,2072,-1.509,READY
199,25028,ORDI,ORDI,ordi,3.5776710360319712,75131091.76,14233183.04557846,21000000,21000000,21000000,2023-05-08T05:51:24.000Z,100,HIGH,"SYMBOL,USDT,TRADING,HIGH_VOLUME",ORDIUSDT,ORDI,USDT,ORDITRY;ORDIU;ORDIUSDC;ORDIUSDT,2023-11-07T12:00:00+00:00,3.582,1786468.468,20114,0.533,READY
200,2586,Synthetix,SNX,synthetix,0.2172099681755483,74832360.32242733,11045355.94736207,344516234.45728827,581404223.5556632,339889850.1,2018-03-14T00:00:00.000Z,95,HIGH,"SYMBOL,USDT,TRADING,GOOD_VOLUME",SNXUSDT,SNX,USDT,SNXTRY;SNXUSDC;SNXUSDT,2020-07-09T12:00:00+00:00,0.219,619366.7613,4762,0,READY
