Rank,CMC_ID,Name,Symbol,Slug,Price_USD,MarketCap,Volume24h,CirculatingSupply,TotalSupply,MaxSupply,DateAdded
1,1,Bitcoin,BTC,bitcoin,64098.191029978036,1285854132107.7432,26262068414.44282,20060693,20060693,21000000,2010-07-13T00:00:00.000Z
2,1027,Ethereum,ETH,ethereum,1863.5531541626256,224898649376.51303,9718929342,120682712.41641597,120682712.41641597,,2015-08-07T00:00:00.000Z
3,825,Tether USDt,USDT,tether,0.9989003854866171,1.83954E+11,53459194915.58018,184156916986.16385,189106724037.45197,,2015-02-25T00:00:00.000Z
4,1839,BNB,BNB,bnb,561.0430312593998,74711710564.15143,969887528.7118716,133165740.2,133165740.2,133165740.2,2017-07-25T00:00:00.000Z
5,3408,USDC,USDC,usd-coin,0.9997375186727816,72838998331.61235,10440968211.887035,72858122228.23346,72858122228.23346,,2018-10-08T00:00:00.000Z
6,52,XRP,XRP,xrp,1.0920151062107772,68214365675.84745,1068767911.5698732,62466503703,99985639695,1E+11,2013-08-04T00:00:00.000Z
7,5426,Solana,SOL,solana,74.05775763390751,43165658590.59717,1634107155.101445,582864779.7301612,630867434.7592477,,2020-04-10T00:00:00.000Z
8,1958,TRON,TRX,tron,0.3304741973033983,31355002113.051605,447538602.0076323,94878820703.40738,94878822584.63599,,2017-09-13T00:00:00.000Z
9,32196,Hyperliquid,HYPE,hyperliquid,58.886327559241806,14881752977.61315,327581299.6397521,252720004.7012876,953078769.5841608,953078769.5841608,2024-07-15T10:14:50.000Z
10,74,Dogecoin,DOGE,dogecoin,0.068947846,10700974985.596909,742570365.5943006,155203906383.70526,155203906383.70526,,2013-12-15T00:00:00.000Z
11,3957,UNUS SED LEO,LEO,unus-sed-leo,9.611834740590382,8844131568,598523.9446,920129382.9,985239504,,2019-05-21T00:00:00.000Z
12,1437,Zcash,ZEC,zcash,497.24925272391073,8347336775.679297,383501462.18621147,16787027.29,16787027.29,21000000,2016-10-29T00:00:00.000Z
13,328,Monero,XMR,monero,355.7054534002795,6680910030.016881,103370894.7103792,18782141.13995822,18782141.13995822,,2014-05-21T00:00:00.000Z
14,1975,Chainlink,LINK,chainlink,8.363890952845443,6257026574,189933682.4465908,748099970.4,1000000000,1000000000,2017-09-20T00:00:00.000Z
15,512,Stellar,XLM,stellar,0.1781260080161594,6087438312.390289,133748283.77912036,34174898883.031406,50001786839.912476,50001806812,2014-08-05T00:00:00.000Z
16,2010,Cardano,ADA,cardano,0.16464869771985252,6008014418.109585,213434220.57549557,36489899411.97189,44993202652.386566,45000000000,2017-10-01T00:00:00.000Z
17,37263,Canton,CC,canton-network,0.11894308904135821,4656156978.499743,12347042.67370367,39146090924.88535,39146090924.88535,,2025-07-08T04:07:45.000Z
18,4943,Dai,DAI,multi-collateral-dai,0.9997325655329957,4639396896.833623,35957274.43936529,4640637963.373919,4640637963.373919,,2019-11-22T00:00:00.000Z
19,1831,Bitcoin Cash,BCH,bitcoin-cash,209.7691166324517,4209164163.611786,97648281.3,20065700,20065700,21000000,2017-07-23T00:00:00.000Z
20,36148,World Liberty Financial USD,USD1,usd1,0.9986785369941851,4140132708.910278,1025191854.9401947,4145610980.4574523,4145610980.4574523,,2025-04-13T05:37:56.000Z
21,29470,Ethena USDe,USDe,ethena-usde,0.999934212,3988210444.4521685,29326665.05239705,3988472837.759209,3988472837.759209,,2024-02-20T11:05:01.000Z
22,11419,Gram (prev. Toncoin),GRAM,gram,1.454654308954721,3976266017.615601,50053458.44331982,2733478320.682835,5219829702.957956,,2021-08-26T13:40:22.000Z
23,2,Litecoin,LTC,litecoin,46.35348404955761,3588814970.129433,257144822.20434618,77422766.45899035,84000000,84000000,2013-04-28T00:00:00.000Z
24,33793,Global Dollar,USDG,global-dollar-usdg,0.9999574515925542,3265385640,236826345.21644983,3265524582.796733,3265524582.796733,,2024-11-05T04:54:47.000Z
25,4642,Hedera,HBAR,hedera,0.070764138,3098839181.1201706,42767070.09469657,43791096250.844505,50000000000,50000000000,2019-09-17T00:00:00.000Z
26,20947,Sui,SUI,sui,0.717648015,2908149511.343546,209661222.04449454,4052334085.342099,10000000000,10000000000,2022-07-12T08:03:11.000Z
27,27772,PayPal USD,PYUSD,paypal-usd,0.9995644154130634,2690126172.280377,75042583.04482886,2691298460.408577,2691298460.408577,,2023-08-21T14:30:00.000Z
28,5805,Avalanche,AVAX,avalanche,6.200982010322602,2677410164,273291543.95101476,431771961.1772119,463441061.1772119,715748719,2020-07-13T00:00:00.000Z
29,3635,Cronos,CRO,cronos,0.05653053,2672479273.5467844,6311951.713,47274972680.388855,98808311135.61748,1E+11,2018-12-14T00:00:00.000Z
30,5176,Tether Gold,XAUT,tether-gold,4070.436019115305,2494459497.1251073,141310333.21054894,612823.6595,707747.089,,2020-02-07T00:00:00.000Z
31,5994,Shiba Inu,SHIB,shiba-inu,4.143875576285343e-06,2441749127.4936156,55530879.00533611,589242867586881.2,589499570592486.5,589552695333683.0,2020-08-01T00:00:00.000Z
32,7083,Uniswap,UNI,uniswap,3.8267400665682754,2392460904.8388753,153932256.75531414,625195561.5538775,892330420.0329479,,2020-09-17T00:00:00.000Z
33,6535,NEAR Protocol,NEAR,near-protocol,1.8106591009901518,2356963006.1109915,134457398.2002034,1301715494,1301715494,,2020-08-11T00:00:00.000Z
34,22974,Bittensor,TAO,bittensor,189.3459432850863,2112743789.9001517,106052434.98371233,11158114.89406523,21000000,21000000,2023-03-06T05:20:00.000Z
35,21159,Ondo,ONDO,ondo-finance,0.3920868074215896,1909200307.6623333,117342379.43757857,4869330647,10000000000,10000000000,2024-01-18T12:06:25.000Z
36,33251,World Liberty Financial,WLFI,world-liberty-financial-wlfi,0.057945092,1841181240.6287293,88426907.54191947,31774584760,1E+11,1E+11,2024-10-01T02:34:47.000Z
37,4705,PAX Gold,PAXG,pax-gold,4066.9880654289286,1809261283.6666543,120001641.21636538,444865.1569,444865.1569,,2019-09-26T00:00:00.000Z
38,3897,OKB,OKB,okb,81.88612335514553,1719608590.4580562,17139178.11268918,21000000,21000000,21000000,2019-04-30T00:00:00.000Z
39,36341,Aster,ASTER,aster,0.6355120269774854,1715900963.0530446,47125809.62652437,2700029094.9864817,7816197874.516728,8000000000,2025-04-25T06:46:11.000Z
40,34387,Ripple USD,RLUSD,ripple-usd,1.0004258853554555,1600635873.3511596,160090927.44295973,1599954476.170363,1599954476.170363,,2024-12-18T07:22:18.000Z
41,35491,MemeCore,M,memecore,1.1867947959718876,1575518647.6578794,14600158.52901356,1327540913.5643022,5394857686.0715275,10000000000,2025-07-03T09:16:58.000Z
42,19891,USDD,USDD,usdd,0.9990107573545378,1537052129.8346465,18850650.02007803,1538574153,1538574153,,2022-05-02T08:07:12.000Z
43,7278,Aave,AAVE,aave,94.83676612726367,1462150104.304036,169556704.4953192,15417544.94603857,16000000,,2020-10-02T00:00:00.000Z
44,33038,Sky,SKY,sky,0.057998397,1354651478.3444877,26566694.64747394,23356705591.335705,23462665147.365967,23462665147,2024-09-18T13:25:16.000Z
45,6636,Polkadot,DOT,polkadot-new,0.7980087342022876,1352450518.1113524,64706683.44857127,1694781598.4286196,1694781598.4286196,2100000000,2020-08-19T00:00:00.000Z
46,27075,Mantle,MNT,mantle,0.40958590124937744,1352573220.862108,68994126.29738797,3302294383,6219316794.889999,6219316795,2023-07-17T11:00:31.000Z
47,13502,Worldcoin,WLD,worldcoin-org,0.3761180589572962,1338406099.8376255,148252249.03299123,3558473378.141053,10000000000,,2021-10-28T15:31:43.000Z
48,8916,Internet Computer,ICP,internet-computer,2.1496043976031776,1193314248.3565862,31852513.51693517,555132027.8685414,555132027.8685414,,2021-03-23T00:00:00.000Z
49,11092,Bitget Token,BGB,bitget-token-new,1.6536229280673096,1155195303.4319477,6043541.446,698584474.0203834,910920874.6481038,919992036,2021-07-29T00:00:00.000Z
50,24478,Pepe,PEPE,pepe,2.711051064046526e-06,1121758303,129694004.75007573,413772473088271.1,413772473088271.1,413772473088271.1,2023-04-17T06:18:08.000Z
51,39120,United Stables,U,united-stables,0.9998080153073314,1068004028.0027332,101976303.40566714,1068209108,1068209108,,2025-12-12T08:13:26.000Z
52,1321,Ethereum Classic,ETC,ethereum-classic,6.651867895929325,1048475979.9813843,38502503.16910308,157621287.19107747,210700000,210700000,2016-07-24T00:00:00.000Z
53,34104,Morpho,MORPHO,morpho,1.9467509527798248,1005205198.7696329,15390177.45331147,516350176.8596902,999999999.8010328,1000000000,2024-11-21T10:30:00.000Z
54,38837,Audiera,BEAT,audiera,3.253537228,1006210611.204507,50608475.19164173,309266666,1000000000,1000000000,2025-10-30T05:07:08.000Z
55,38892,Stable,STABLE,stable,0.037950972,940208650.1927812,13307144.20370687,24774296639,1E+11,,2025-11-06T14:24:37.000Z
56,35697,Pi,PI,pi,0.083139076,909688801.9483387,13849950.46757804,10941771822.223263,1E+11,1E+11,2025-02-11T07:16:10.000Z
57,2087,KuCoin Token,KCS,kucoin-token,6.493318333129747,890591214.2606357,3365605.782,137155021.29577178,142155021.29577178,200000000,2017-10-24T00:00:00.000Z
58,5488,JUST,JST,just,0.10238382159724221,838394806.1384718,23325786.62025085,8188743036.341737,8188743036.341737,,2020-05-07T00:00:00.000Z
59,30171,Ethena,ENA,ethena,0.086569844,827688867.2779775,103897509.12753232,9560937500,15000000000,15000000000,2024-03-29T04:42:08.000Z
60,28321,Polygon (prev. MATIC),POL,polygon-ecosystem-token,0.077070471,823414756.7828926,44102680.66629369,10683920132.30041,10683920142.30041,,2023-10-30T14:43:57.000Z
61,20396,Kaspa,KAS,kaspa,0.027869533233771022,769084095.4,5412512.271,27595872847.72241,27595872847.72241,28704026601,2022-06-01T00:03:58.000Z
62,3155,Quant,QNT,quant,62.951751317525044,760000000.2976347,4869184.051,12072738,14881364,14881364,2018-08-10T00:00:00.000Z
63,5690,Render,RENDER,render,1.4589156937599672,756844760.0461538,16868401.52131493,518772101.2826915,533532274.5626915,644168762,2020-06-11T00:00:00.000Z
64,4030,Algorand,ALGO,algorand,0.083533571,749214133.0820127,18282274.65066098,8969018347,10000000000,10000000000,2019-06-20T00:00:00.000Z
65,36507,Pump.fun,PUMP,pump-fun,0.00183887,733253078.7030029,55031997.33287994,398751918370.5724,847013722041.7949,1E+12,2025-05-14T18:51:49.000Z
66,3794,Cosmos,ATOM,cosmos,1.3908948045654863,724503405.1975129,21275877.42266115,520890151.3,520890151.3,,2019-03-14T00:00:00.000Z
67,4269,GateToken,GT,gatetoken,6.641169119640235,707738357.5157454,2373188.613,106568338.3,140052780.3,142622843.7,2019-08-20T00:00:00.000Z
68,38590,币安人生,币安人生,bianrensheng,0.6558990253098225,655899025.3098226,23162151.19090997,1000000000,1000000000,1000000000,2025-10-07T03:15:16.000Z
69,29210,Jupiter,JUP,jupiter-ag,0.18454172119389425,612736270.0318909,21191070.12100936,3320312968,6862435229.582892,6864785739,2024-01-31T08:38:13.000Z
70,2280,Filecoin,FIL,filecoin,0.7219535847052508,582245304.2165318,49570964.56122752,806485786,1957315383,,2017-12-13T00:00:00.000Z
71,2634,XDC Network,XDC,xdc-network,0.027618692,580412679.1014313,7150039.948,21015212410,38084428209,,2018-04-12T00:00:00.000Z
72,35509,Venice Token,VVV,venice-token,11.895011678068876,564322102.4757481,16001048.15015565,47441912.43764834,80654681.47,,2025-01-28T02:53:32.000Z
73,7950,Flare,FLR,flare,0.006423294,558165503.2,2334448.018,86897086425.47797,106229111430.1935,,2020-12-11T00:00:00.000Z
74,11841,Arbitrum,ARB,arbitrum,0.084234818,557133836.1881206,47815176.87716783,6614056381,10000000000,,2023-03-23T12:50:11.000Z
75,39125,Lighter,LIT,lighter,2.0820038371972736,520500959.2993184,31312867.90154256,250000000,1000000000,1000000000,2025-12-30T06:45:00.000Z
76,7226,Injective,INJ,injective,5.172086049181136,517058379.0927721,108273282.77338634,99970954.5,100000000,,2020-09-29T00:00:00.000Z
77,21794,Aptos,APT,aptos,0.6069662630402539,512932301.22725314,32717268.45,845075472.0007157,1206135236.8892863,2100000000,2022-10-19T01:50:25.000Z
78,2563,TrueUSD,TUSD,trueusd,0.996107355,492590111.37213266,24392246.73,494515083,494515083,,2018-03-06T00:00:00.000Z
79,2694,Nexo,NEXO,nexo,0.7432993748364147,480279798.6090135,8661031.358,646145839.5746847,1000000000,1000000000,2018-05-01T00:00:00.000Z
80,7186,PancakeSwap,CAKE,pancakeswap,1.3892007326540747,448093085.43896455,23897750.95022848,322554599.1347705,334876829.5388313,400000000,2020-09-25T00:00:00.000Z
81,29814,ether.fi,ETHFI,ether-fi-ethfi,0.4489156797993172,437005048.9828817,27220576.04777728,973468000,1000000000,1000000000,2024-03-13T06:06:39.000Z
82,20641,EURC,EURC,euro-coin,1.138379020830554,433582212.31457335,36396948.02030881,380876847.1490581,380876847.1490581,,2022-06-16T19:13:48.000Z
83,131,Dash,DASH,dash,32.34585184236284,413437777.66890734,61013863.62092578,12781786.66259253,12781786.66259253,18900000,2014-02-14T00:00:00.000Z
84,3077,VeChain,VET,vechain,0.004720845,405922016.19602513,11209930.30938201,85985041177,85985041177,86712634466,2017-08-22T00:00:00.000Z
85,29270,Aerodrome Finance,AERO,aerodrome-finance,0.4133295650764223,402645874.0892305,56466575.06290908,974152124.8662276,1945164683.6269114,,2024-02-02T07:15:19.000Z
86,29420,Virtuals Protocol,VIRTUAL,virtual-protocol,0.5888999217443598,387210132.0928289,38880831.30112929,657514320.8473986,1000000000,1000000000,2024-02-15T07:33:29.000Z
87,34466,Pudgy Penguins,PENGU,pudgy-penguins,0.00602794,378918698.5727874,37323933.38755415,62860396090,76724221264,88888888888,2024-12-17T14:00:00.000Z
88,35336,OFFICIAL TRUMP,TRUMP,official-trump,1.5822657941260565,375650660.01548225,235356775.34149402,237413120.7,999999080.4,999999080.4,2025-01-18T04:19:35.000Z
89,28177,Pyth Network,PYTH,pyth-network,0.045106151,355210113.4224964,12812735.39937673,7874981677.726829,9999981857.422035,10000000000,2023-11-20T09:42:13.000Z
90,10529,Sun [New],SUN,sun-token,0.018365163,353184253.9767134,51669368.42733908,19231207016.782543,19231207016.782543,19900730000,2021-06-21T00:00:00.000Z
91,39064,Midnight,NIGHT,midnight-network,0.020910716767089752,347272625.1,22638219.71504963,16607399401,24000000000,24000000000,2025-12-08T02:23:02.000Z
92,26081,First Digital USD,FDUSD,first-digital-usd,0.9968815423491644,346072941.8,172562961.14187652,347155531.6,347155531.6,,2023-07-26T04:26:40.000Z
93,3773,Artificial Superintelligence Alliance,FET,artificial-superintelligence-alliance,0.15148934621788632,339400628.9027554,105993747.06699921,2240425728.7809353,2714384547,2719493897,2019-03-02T00:00:00.000Z
94,23149,Sei,SEI,sei,0.044527585,326782996.6965599,20498043.50016882,7338888888,10000000000,10000000000,2023-08-14T07:35:00.000Z
95,8000,Lido DAO,LDO,lido-dao,0.39069217938657397,326760220.5683177,33228451.10775233,836362327.7060835,1000000000,,2020-12-15T00:00:00.000Z
96,22861,Celestia,TIA,celestia,0.3441214264718305,316568655.0562438,19611265.08629687,919932996.6,1168685161.483695,,2023-10-31T16:51:41.000Z
97,28081,SPX6900,SPX,spx6900,0.336422247,313206787.72905004,5527365.761,930993090.1,930993090.1,1000000000,2023-08-17T10:00:00.000Z
98,6538,Curve DAO Token,CRV,curve-dao-token,0.2032184947639642,311347930.57991725,24496257.73886754,1532084621.242491,2402836149.293625,3030303030,2020-08-14T00:00:00.000Z
99,26997,LayerZero,ZRO,layerzero,0.8265875480755053,300068199.35240895,25034475.56187596,363020468.97638357,1000000000,1000000000,2024-06-20T05:52:25.000Z
100,28541,Jito,JTO,jito,0.5934287777718655,297877442.8263425,28493855.44603248,501959888,986522992.0750766,,2023-12-07T16:04:41.000Z
101,4172,Terra Classic,LUNC,terra-luna,5.3115981899943984e-05,293825677.3508182,13799353.30649261,5.53178E+12,6.454E+12,6.454E+12,2019-07-26T00:00:00.000Z
102,1659,Gnosis,GNO,gnosis-gno,107.30028888873284,283220160.8953933,3504551.498,2639509.77,2999934.746,,2017-05-01T00:00:00.000Z
103,9816,AINFT,NFT,apenft,2.687712259527897e-07,266111894.04872105,6826642.339,990105592982874.8,990105592982874.8,999990000000000.0,2021-05-14T00:00:00.000Z
104,3602,Bitcoin SV,BSV,bitcoin-sv,13.236890431263333,265534338.50696793,11478794.26406116,20060175,20060175,,2018-11-09T00:00:00.000Z
105,16086,BitTorrent [New],BTT,bittorrent-new,2.6759659266867053e-07,264127975.08585277,4743073.203,987037885840674.8,987037885840674.8,,2019-01-31T00:00:00.000Z
106,9481,Pendle,PENDLE,pendle,1.5225383104762233,261333661.15866318,25574391.11665615,171643405.8575003,281527448.45853144,,2021-04-29T00:00:00.000Z
107,30495,Monad,MON,monad,0.022082305655488688,261126907.9565869,16509592.26300815,11825165000,1.00683E+11,1.14167E+11,2024-07-04T07:03:38.000Z
108,4847,Stacks,STX,stacks,0.14320764702222827,259865425.2,30476194.87258559,1814605788,1814570813,,2019-10-28T00:00:00.000Z
109,23095,Bonk,BONK,bonk1,2.9143530580417526e-06,256447335.89423323,38510320.92316908,87994601473079.05,87994601473079.05,88872433754423.19,2022-12-30T06:58:50.000Z
110,2011,Tezos,XTZ,tezos,0.22861573037169355,249526349.6213008,12439072.90597592,1091466231.197695,1111451886.217097,,2017-10-06T00:00:00.000Z
111,10603,Immutable,IMX,immutable-x,0.1242246177201867,248449235.4403734,9078082.509,2000000000,2000000000,2000000000,2021-06-24T00:00:00.000Z
112,35763,KAITO,KAITO,kaito,0.974511287,235236196.88577276,55579198.74417601,241388889,1000000000,1000000000,2025-02-14T13:09:33.000Z
113,7334,Conflux,CFX,conflux-network,0.044873225192320565,234518694.14184532,6381133.834,5226250022,5226250022,,2020-11-11T00:00:00.000Z
114,7326,DeXe,DEXE,dexe,2.7813196179363833,232890135.17954597,412206189.1948938,83733682.98906265,96504599.33609451,,2020-10-07T00:00:00.000Z
115,36645,Plasma,XPL,plasma-xpl,0.084812265,220511889.71620515,55060230.01634706,2600000000,10000000000,,2025-09-25T11:30:00.000Z
116,8425,JasmyCoin,JASMY,jasmy,0.004356776,215420795.09876412,5362492.808,49444999677.16958,50000000000,50000000000,2021-02-11T00:00:00.000Z
117,38515,DoubleZero,2Z,doublezero,0.060946521078228025,211570819.83507964,2996687.12,3471417500,9998243152,10000000000,2025-09-29T01:04:27.000Z
118,11840,Optimism,OP,optimism-ethereum,0.092035276,210435653.68186462,33105129.37604178,2286467356,4294967296,4294967296,2022-05-31T16:19:46.000Z
119,33824,Maple Finance,SYRUP,maple-finance,0.1732172580820036,206303366.4828896,8739926.797,1191009306.8510675,1244677492.5110993,,2024-11-06T06:16:40.000Z
120,1168,Decred,DCR,decred,11.567742216262252,202736879.7,1945257.98,17526054.42482526,17526054.42482526,21000000,2016-02-10T00:00:00.000Z
121,10804,FLOKI,FLOKI,floki-inu,2.0991215877654497e-05,200700732.04075173,15500502.38809013,9.56118E+12,9.64647E+12,,2021-07-09T00:00:00.000Z
122,32880,Kaia,KAIA,kaia,0.031217250630854183,199030280.00185394,4512989.595,6375650513.089659,6376194907.085461,,2024-10-29T05:17:50.000Z
123,38828,Kite,KITE,kite,0.10907710300165441,196338785.40297794,27494463.67268229,1800000000,10000000000,10000000000,2025-10-29T11:11:32.000Z
124,30636,Zebec Network,ZBCN,zebec-network,0.00196241,196238636.11630526,10824173.60867644,99998775085.26376,99998775085.26376,1E+11,2024-04-15T04:07:21.000Z
125,22691,Starknet,STRK,starknet-token,0.028783848,194202827.1,39663645.20258061,6746937561.348971,10139100000,,2024-02-20T12:19:19.000Z
126,36922,Humanity,H,humanity-protocol,0.061820641,191558123.83647484,7495422.255,3098611111,10000000000,10000000000,2025-06-23T03:36:52.000Z
127,37298,Velvet,VELVET,velvet,0.4294558657939053,180829398.31505647,23681375.69524051,421066313.7195011,1000000000,1000000000,2025-07-09T10:28:24.000Z
128,38849,Pieverse,PIEVERSE,pieverse,0.6621219518429869,179171670.07944533,9467964.26,270602220,1000000000,1000000000,2025-10-31T01:31:02.000Z
129,13855,Ethereum Name Service,ENS,ethereum-name-service,4.352710266,178585582.06588623,9380193.03,41028593.94891147,100000000,,2021-11-09T01:31:29.000Z
130,38482,Falcon Finance,FF,falcon-finance-ff,0.059571576,176927579.5323002,11985939.80281704,2970000000,10000000000,10000000000,2025-09-23T04:16:56.000Z
131,30494,EigenCloud,EIGEN,eigencloud,0.2119260894308525,175274258.42434478,19386309.68820156,827053709.5978146,1825636127.4624436,,2024-07-04T15:49:12.000Z
132,6719,The Graph,GRT,the-graph,0.015856506978075755,172979308.51745707,15084125.50242956,10909042499.500652,11593634166.167112,,2020-12-17T00:00:00.000Z
133,36532,BUILDon,B,buildon,0.17169121968761808,171691219.68761808,15597366.47092788,1000000000,1000000000,,2025-05-16T08:07:37.000Z
134,5692,Compound,COMP,compound,17.108038619234488,171080386.19006747,9976695.924,10000000,10000000,,2020-06-16T00:00:00.000Z
135,8526,Raydium,RAY,raydium,0.6205683933769526,167127689.57070854,14205875.62375335,269313892.5,554997638.5,555000000,2021-02-19T00:00:00.000Z
136,2394,Telcoin,TEL,telcoin,0.001695158,162861075.4016334,1032976.154,96074246575,1E+11,1E+11,2018-01-14T00:00:00.000Z
137,1720,IOTA,IOTA,iota,0.034264274,156168036.77601442,4527060.113,4557751270,4600000000,,2017-06-13T00:00:00.000Z
138,6783,Axie Infinity,AXS,axie-infinity,0.882577984,153755962.65737706,16891332.63886814,174212325.00134403,270000000,,2020-08-31T00:00:00.000Z
139,4041,MX Token,MX,mx-token,1.6626913393010017,152697139.86629343,4897168.106,91837334,409024834,413787834,2019-09-24T00:00:00.000Z
140,4066,Chiliz,CHZ,chiliz,0.014405833952669478,152236849.94580227,21511092.69596571,10567722108,10567722108,,2019-07-01T00:00:00.000Z
141,7431,Akash Network,AKT,akash-network,0.5097006450608057,150919136.21872863,2812313.365,296093673.2,296093673.2,388539008,2020-10-16T00:00:00.000Z
142,10791,eCash,XEC,ecash,7.3268453722661205e-06,146979277.07355234,14799931.87991839,2.00604E+13,2.00604E+13,2.1E+13,2021-07-08T00:00:00.000Z
143,18876,ApeCoin,APE,apecoin-ape,0.14386307373332463,143863073.73332462,14167681.64379883,1000000000,1000000000,1000000000,2022-03-17T12:26:36.000Z
144,37322,Vision,VSN,vision-token,0.039547383,143416455.7734982,3394752.986,3626446181.960901,4108036818.244497,4200000000,2025-07-11T08:45:23.000Z
145,28752,dogwifhat,WIF,dogwifhat,0.14272726713678388,142561553.01864582,44983367.92,998838945.6,998838945.6,998840593,2023-12-19T09:08:50.000Z
146,4157,THORChain,RUNE,thorchain,0.4202577598505845,142135598.8551634,2356689.756,338210528,354110050,354196525,2019-07-23T00:00:00.000Z
147,5964,Trust Wallet Token,TWT,trust-wallet-token,0.3305780781573327,142102463.0764872,7498443.91,429860515.5,999860531.5,999860531.5,2020-07-30T00:00:00.000Z
148,1376,Neo,NEO,neo,2.0057410735985473,141482630.6203265,5771292.38,70538831,100000000,,2016-09-08T00:00:00.000Z
149,39720,edgeX,EDGE,edgex,0.40145194192750555,140508179.67462695,5979028.015,350000000,1000000000,1000000000,2026-03-19T13:39:28.000Z
150,2467,OriginTrail,TRAC,origintrail,0.2794986381909898,139749319.0954949,4351337.57,500000000,500000000,500000000,2018-01-25T00:00:00.000Z
151,18679,Onyxcoin,XCN,onyxcoin,0.003513899,136626725.59113565,4505578.589,38881804549.417625,48402432357.486084,68892071756.90897,2022-03-09T16:10:43.000Z
152,2416,Theta Network,THETA,theta-network,0.13306730117066365,133067301.17066365,5015958.217,1000000000,1000000000,1000000000,2018-01-17T00:00:00.000Z
153,1966,Decentraland,MANA,decentraland,0.065948575,130967906.92758763,9999351.113,1985909566.5331404,2193179327.320146,,2017-09-17T00:00:00.000Z
154,6210,The Sandbox,SAND,the-sandbox,0.044302638,130145189.18819368,21340699.62,2937639702.3733225,3000000000,,2020-08-05T00:00:00.000Z
155,33597,Fartcoin,FARTCOIN,fartcoin,0.12451152890298539,124511311.75487898,11929738.49976278,999998256,1000000000,1000000000,2024-10-23T17:42:55.000Z
156,8104,1inch,1INCH,1inch,0.086078618,121541399.43142857,10260193.41517842,1411981301.489995,1500000000,1500000000,2020-12-25T00:00:00.000Z
157,5632,Arweave,AR,arweave,1.830639616315383,120186005.16839872,10081259.80613211,65652466,65652466,66000000,2020-05-27T00:00:00.000Z
158,39841,Genius Terminal,GENIUS,genius-terminal,0.35286651298510074,118343333.34452839,14359370.51662075,335377059,953973324.3,1000000000,2026-04-07T07:20:12.000Z
159,9903,Convex Finance,CVX,convex-finance,1.1939032770711138,118183500.60768373,5525961.446,98989175.15128341,99981178.61033916,,2021-05-18T00:00:00.000Z
160,7548,WEMIX,WEMIX,wemix,0.23487139720398756,116989385.5877348,1078246.566,498099755.78307074,558896667.9927068,590000000,2020-10-29T00:00:00.000Z
161,10180,GoМining,GOMINING,gomining-token,0.28781382461947136,116222227.52338752,6939005.139,403810441.2706685,403890250.7458408,403890250.7458408,2021-06-01T00:00:00.000Z
162,1697,Basic Attention Token,BAT,basic-attention-token,0.077026229,115210029.95197067,4145355.414,1495724656.9526057,1500000000,1500000000,2017-06-01T00:00:00.000Z
163,39332,Zama,ZAMA,zama,0.051025324,112255713.53220637,144630766.64178932,2200000000,11196548333,,2026-02-02T12:00:00.000Z
164,4006,AWE,AWE,awe-network,0.057582123572822094,111848684.76762064,2194244.509,1942420283.0270672,1942420283,1942420283.027067,2019-06-12T00:00:00.000Z
165,34958,Tagger,TAG,tagger,0.001028542,111498707.26729822,6608928.867,1.08405E+11,4.05381E+11,,2024-12-31T03:48:26.000Z
166,8119,SafePal,SFP,safepal,0.21463179623514728,107315898.11757363,1493093.541,500000000,500000000,500000000,2020-12-28T00:00:00.000Z
167,28324,dYdX,DYDX,dydx-chain,0.1249450111822277,106029328.40357149,4065881.838,848607938.8070294,958342962.3,1000000000,2021-08-03T00:00:00.000Z
168,36462,Vaulta,A,vaulta,0.063762965,105596984.57058765,6768467.213,1656086488,2100000000,2100000000,2025-05-28T09:48:03.000Z
169,3701,Rootstock Infrastructure Framework,RIF,rsk-infrastructure-framework,0.10375725747178005,103757257.47178005,43231898.04713099,1000000000,1000000000,1000000000,2019-01-16T00:00:00.000Z
170,6748,Centrifuge,CFG,centrifuge,0.17542098394469402,101245779.67454349,6899781.183,577158886,697164473,,2020-08-28T00:00:00.000Z
171,40224,Re,RE,re-protocol,0.6305620537037957,100637703.7711258,183010205.7228048,159600000,1000000000,1000000000,2026-06-17T02:55:31.000Z
172,1455,Golem,GLM,golem-network-tokens,0.099844611,99844610.55,6151018.735,1000000000,1000000000,1000000000,2016-11-18T00:00:00.000Z
173,35626,Data Network,DATA,data-network,0.2736363521861325,97750707.74146912,33161577.63796627,357228515,1030755602,,2025-02-06T07:02:40.000Z
174,38868,Sentient,SENT,sentient,0.013404012,97016612.66045558,12922523.41,7237878887,34359738368,,2026-01-22T10:00:00.000Z
175,3871,AB,AB,newton,0.000976122,96463976.16,699171.281,98823661261,98823661261,98823661261,2019-04-17T00:00:00.000Z
176,7080,Gala,GALA,gala,0.001966971,96342724.24,26010430.08802972,48980257077.895195,48980257077.895195,50000000000,2020-09-16T00:00:00.000Z
177,38908,Allora,ALLO,allora,0.4775952061623307,95757838.84,45716805.55643782,200500000,785499999,1000000000,2025-11-10T01:35:52.000Z
178,33391,DeepBook Protocol,DEEP,deepbook-protocol,0.017425497006259477,95313581.17301652,3319568.081,5469776910,10000000000,10000000000,2024-10-10T05:43:32.000Z
179,36542,SOON,SOON,soon,0.17023042656128495,94865815.94,6205759.672,557278847.6,998466231.2532852,,2025-05-23T02:53:18.000Z
180,39965,Nexus,NEX,nexus-labs,1.5785826996108383e-06,94714961.98,1051991.214,6E+13,100000000000000.0,100000000000000.0,2026-05-08T04:45:35.000Z
181,24091,ZKsync,ZK,zksync,0.009127386,92808385.13403481,7289515.615,10168122621.823236,14826835215.600285,21000000000,2024-06-16T23:10:00.000Z
182,10508,Fluid,FLUID,instadapp,1.171294728292937,92177377.50815775,4802838.438,78696996.82034639,100000000,,2021-06-19T00:00:00.000Z
183,30986,Kamino,KMNO,kamino-finance,0.017472582,89816255.83917032,3379289.229,5140411263,9999957181.121836,10000000000,2024-04-30T06:37:24.000Z
184,38151,YZY MONEY,YZY,yzy,0.293695319,88982515.86480038,120945.4442,302975601.1,999999434.5,1000000000,2025-08-21T02:17:55.000Z
185,30083,Aethir,ATH,aethir,0.004408678,88741244.56719263,6752209.267,20128764593,42000000000,42000000000,2024-06-12T02:20:00.000Z
186,6892,MultiversX,EGLD,multiversx-egld,2.8826341660692476,87667530.77858363,3951796.83,30412298.51865901,30417454,,2020-09-04T00:00:00.000Z
187,28298,Beam,BEAM,onbeam,0.001697719,87093313.34155928,11560523.66401103,51300184687,58470184687,58470184687,2021-10-29T04:07:32.000Z
188,33280,Cheems (cheems.pet),CHEEMS,cheems-pet,4.618737465238992e-07,86599034.16634184,1354123.73,187495034775398.0,203672952644644.2,203672960023058.0,2024-10-03T03:58:19.000Z
189,38353,Meteora,MET,meteora,0.15580611381785622,83072920.6,16248782.52280993,533181391.7,997733887.9,1000000000,2025-09-10T23:40:19.000Z
190,40092,o1.exchange,O,o1-exchange,0.5141130872887285,82258093.96619657,55969668.76578809,160000000,1000000000,1000000000,2026-06-15T10:15:31.000Z
191,32956,Grass,GRASS,grass,0.33290289457869465,81196710.79637992,17355463.39209509,243905091,1000000000,,2024-10-28T05:31:00.000Z
192,35347,Official Melania Meme,MELANIA,melania-meme,0.08011139,80111062.29639934,6228965.786,999995913.7,999995913.7,,2025-01-19T23:21:51.000Z
193,3964,Reserve Rights,RSR,reserve-rights,0.001226904,76746723.31764695,6501580.465,62553174091,1E+11,1E+11,2019-05-24T00:00:00.000Z
194,19269,CoW Protocol,COW,cow-protocol,0.13205730450661696,76265953.91055274,2645917.566,577521661.4900033,1000000000,1000000000,2022-04-01T08:42:05.000Z
195,36044,NEXPACE,NXPC,maplestory-universe,0.2590848015380166,75807148.22558537,9061404.161,292595890.5175758,988350564.5175759,1000000000,2025-03-17T06:30:59.000Z
196,38967,RaveDAO,RAVE,ravedao,0.3001599029672209,75784538.88991009,6268516.784,252480555,1000000000,1000000000,2025-11-18T10:05:02.000Z
197,11857,GMX,GMX,gmx,7.254962165436938,75728957.86604801,8712824.529,10438229.19254151,10438229.19254151,13250000,2021-09-13T12:11:50.000Z
198,5864,Yearn,YFI,yearn-finance,2104.668878835252,75380709.04783039,4404603.414,35815.94701,36646.35595,,2020-07-18T00:00:00.000Z
199,25028,ORDI,ORDI,ordi,3.5776710360319712,75131091.76,14233183.04557846,21000000,21000000,21000000,2023-05-08T05:51:24.000Z
200,2586,Synthetix,SNX,synthetix,0.21720996817554836,74832360.32242733,11045355.94736207,344516234.45728827,581404223.5556632,339889850.1,2018-03-14T00:00:00.000Z
